<a href="/posts/series/100-things-to-do-before-high-school" target="_blank">100 Things To Do Before High School</a><br />
<a href="/posts/series/11-22-63-miniseries" target="_blank">11.22.63 [Miniseries]</a><br />
<a href="/posts/series/12-monkeys" target="_blank">12 Monkeys</a><br />
<a href="/posts/series/1600-penn" target="_blank">1600 Penn</a><br />
<a href="/posts/series/19-2-2014" target="_blank">19-2 (2014)</a><br />
<a href="/posts/series/1992" target="_blank">1992</a><br />
<a href="/posts/series/2-broke-girls" target="_blank">2 Broke Girls</a><br />
<a href="/posts/series/24" target="_blank">24</a><br />
<a href="/posts/series/30-rock" target="_blank">30 Rock</a><br />
<a href="/posts/series/37-days" target="_blank">37 Days</a><br />
<a href="/posts/series/666-park-avenue" target="_blank">666 Park Avenue</a><br />
<a href="/posts/series/8mmm" target="_blank">8MMM Aboriginal Radio</a><br />
<a href="/posts/series/90210" target="_blank">90210</a><br />
<a href="/posts/series/a-d-the-bible-continues" target="_blank">A D The Bible Continues</a><br />
<a href="/posts/series/a-gifted-man" target="_blank">A Gifted Man</a><br />
<a href="/posts/series/a-mothers-son" target="_blank">A Mothers Son</a><br />
<a href="/posts/series/a-place-to-call-home" target="_blank">A Place To Call Home</a><br />
<a href="/posts/series/a-to-z" target="_blank">A To Z</a><br />
<a href="/posts/series/a-touch-of-cloth" target="_blank">A Touch Of Cloth</a><br />
<a href="/posts/series/a-young-doctors" target="_blank">A Young Doctors</a><br />
<a href="/posts/series/about-a-boy" target="_blank">About A Boy</a><br />
<a href="/posts/series/accused" target="_blank">Accused</a><br />
<a href="/posts/series/after-hours-uk" target="_blank">After Hours (UK)</a><br />
<a href="/posts/series/aftermath-2016" target="_blank">Aftermath 2016</a><br />
<a href="/posts/series/agatha-christies-marple" target="_blank">Agatha Christie's Marple</a><br />
<a href="/posts/series/agatha-christies-poirot" target="_blank">Agatha Christie's Poirot</a><br />
<a href="/posts/series/agatha-raisin" target="_blank">Agatha Raisin</a><br />
<a href="/posts/series/agent-x-us" target="_blank">Agent X (US)</a><br />
<a href="/posts/series/alcatraz" target="_blank">Alcatraz</a><br />
<a href="/posts/series/allegiance" target="_blank">Allegiance</a><br />
<a href="/posts/series/almost-human" target="_blank">Almost Human</a><br />
<a href="/posts/series/alphas" target="_blank">Alphas</a><br />
<a href="/posts/series/ambassadors" target="_blank">Ambassadors</a><br />
<a href="/posts/series/amber" target="_blank">Amber</a><br />
<a href="/posts/series/american-crime" target="_blank">American Crime</a><br />
<a href="/posts/series/american-crime-story" target="_blank">American Crime Story</a><br />
<a href="/posts/series/american-dad" target="_blank">American Dad</a><br />
<a href="/posts/series/american-gothic-2016" target="_blank">American Gothic (2016)</a><br />
<a href="/posts/series/american-horror-story" target="_blank">American Horror Story</a><br />
<a href="/posts/series/american-housewife" target="_blank">American Housewife</a><br />
<a href="/posts/series/american-odyssey" target="_blank">American Odyssey</a><br />
<a href="/posts/series/and-then-there-were-none" target="_blank">And Then There Were None</a><br />
<a href="/posts/series/angel-from-hell" target="_blank">Angel From Hell</a><br />
<a href="/posts/series/anger-management" target="_blank">Anger Management</a><br />
<a href="/posts/series/angie-tribeca" target="_blank">Angie Tribeca</a><br />
<a href="/posts/series/animal-kingdom-us" target="_blank">Animal Kingdom (US)</a><br />
<a href="/posts/series/animal-practice" target="_blank">Animal Practice</a><br />
<a href="/posts/series/anna-and-katy" target="_blank">Anna And Katy</a><br />
<a href="/posts/series/another-period" target="_blank">Another Period</a><br />
<a href="/posts/series/anzac-girls" target="_blank">Anzac Girls</a><br />
<a href="/posts/series/aquarius-us" target="_blank">Aquarius (US)</a><br />
<a href="/posts/series/arctic-air" target="_blank">Arctic Air</a><br />
<a href="/posts/series/are-you-being-served" target="_blank">Are You Being Served</a><br />
<a href="/posts/series/are-you-there-chelsea" target="_blank">Are You There, Chelsea?</a><br />
<a href="/posts/series/army-wives" target="_blank">Army Wives</a><br />
<a href="/posts/series/arrested-development" target="_blank">Arrested Development</a><br />
<a href="/posts/series/arrow" target="_blank">Arrow</a><br />
<a href="/posts/series/arthur-and-george" target="_blank">Arthur and George</a><br />
<a href="/posts/series/ascension-miniseries" target="_blank">Ascension [Miniseries]</a><br />
<a href="/posts/series/ash-vs-evil-dead" target="_blank">Ash vs. Evil Dead</a><br />
<a href="/posts/series/asylum-2015-miniseries" target="_blank">Asylum (2015) [Miniseries]</a><br />
<a href="/posts/series/atlanta" target="_blank">Atlanta</a><br />
<a href="/posts/series/atlantis-2013" target="_blank">Atlantis (2013)</a><br />
<a href="/posts/series/awake" target="_blank">Awake</a><br />
<a href="/posts/series/awkward" target="_blank">Awkward</a><br />
<a href="/posts/series/baby-daddy" target="_blank">Baby Daddy</a><br />
<a href="/posts/series/babylon" target="_blank">Babylon</a><br />
<a href="/posts/series/back-in-the-game" target="_blank">Back In The Game</a><br />
<a href="/posts/series/backpackers" target="_blank">Backpackers</a><br />
<a href="/posts/series/backstage-ca" target="_blank">Backstage (CA)</a><br />
<a href="/posts/series/backstrom" target="_blank">Backstrom</a><br />
<a href="/posts/series/bad-education" target="_blank">Bad Education</a><br />
<a href="/posts/series/bad-judge" target="_blank">Bad Judge</a><br />
<a href="/posts/series/bad-samaritans" target="_blank">Bad Samaritans</a><br />
<a href="/posts/series/bad-teacher" target="_blank">Bad Teacher</a><br />
<a href="/posts/series/badults" target="_blank">Badults</a><br />
<a href="/posts/series/ballers-2015" target="_blank">Ballers (2015)</a><br />
<a href="/posts/series/ballot-monkeys" target="_blank">Ballot Monkeys</a><br />
<a href="/posts/series/banana" target="_blank">Banana</a><br />
<a href="/posts/series/banished" target="_blank">Banished</a><br />
<a href="/posts/series/banshee" target="_blank">Banshee</a><br />
<a href="/posts/series/banshee-origins" target="_blank">Banshee: Origins</a><br />
<a href="/posts/series/barabbas-miniseries" target="_blank">Barabbas [Miniseries]</a><br />
<a href="/posts/series/barbarians-miniseries" target="_blank">Barbarians [Miniseries]</a><br />
<a href="/posts/series/baroness-von-sketch-show" target="_blank">Baroness von Sketch Show</a><br />
<a href="/posts/series/barracuda-miniseries" target="_blank">Barracuda [Miniseries]</a><br />
<a href="/posts/series/baskets" target="_blank">Baskets</a><br />
<a href="/posts/series/bates-motel" target="_blank">Bates Motel</a><br />
<a href="/posts/series/battle-creek" target="_blank">Battle Creek</a><br />
<a href="/posts/series/battlestar-galactica-blood-and-chrome" target="_blank">Battlestar Galactica: Blood and Chrome</a><br />
<a href="/posts/series/beauty-and-the-beast-2012" target="_blank">Beauty and The Beast (2012)</a><br />
<a href="/posts/series/beaver-falls" target="_blank">Beaver Falls</a><br />
<a href="/posts/series/being-eileen" target="_blank">Being Eileen</a><br />
<a href="/posts/series/being-human-uk" target="_blank">Being Human (UK)</a><br />
<a href="/posts/series/being-human-us" target="_blank">Being Human (US)</a><br />
<a href="/posts/series/being-mary-jane" target="_blank">Being Mary Jane</a><br />
<a href="/posts/series/believe" target="_blank">Believe</a><br />
<a href="/posts/series/bella-and-the-bulldogs" target="_blank">Bella and The Bulldogs</a><br />
<a href="/posts/series/belles" target="_blank">Belles</a><br />
<a href="/posts/series/ben-and-kate" target="_blank">Ben And Kate</a><br />
<a href="/posts/series/benched" target="_blank">Benched</a><br />
<a href="/posts/series/benders" target="_blank">Benders</a><br />
<a href="/posts/series/benidorm" target="_blank">Benidorm</a><br />
<a href="/posts/series/bent" target="_blank">Bent</a><br />
<a href="/posts/series/beowulf-return-to-the-shieldland" target="_blank">Beowulf: Return To The Shieldland</a><br />
<a href="/posts/series/berlin-station" target="_blank">Berlin Station</a><br />
<a href="/posts/series/best-friends-forever" target="_blank">Best Friends Forever</a><br />
<a href="/posts/series/best-friends-whenever" target="_blank">Best Friends Whenever</a><br />
<a href="/posts/series/betrayal" target="_blank">Betrayal</a><br />
<a href="/posts/series/better-call-saul" target="_blank">Better Call Saul</a><br />
<a href="/posts/series/better-man-miniseries" target="_blank">Better Man [Miniseries]</a><br />
<a href="/posts/series/better-things" target="_blank">Better Things</a><br />
<a href="/posts/series/between" target="_blank">Between</a><br />
<a href="/posts/series/big-bad-world-2013" target="_blank">Big Bad World (2013)</a><br />
<a href="/posts/series/big-school" target="_blank">Big School</a><br />
<a href="/posts/series/big-time-in-hollywood-fl" target="_blank">Big Time in Hollywood, FL</a><br />
<a href="/posts/series/big-time-rush" target="_blank">Big Time Rush</a><br />
<a href="/posts/series/billions" target="_blank">Billions</a><br />
<a href="/posts/series/birds-of-a-feather" target="_blank">Birds Of A Feather</a><br />
<a href="/posts/series/bitten" target="_blank">Bitten</a><br />
<a href="/posts/series/bizaardvark" target="_blank">Bizaardvark</a><br />
<a href="/posts/series/black-box" target="_blank">Black Box</a><br />
<a href="/posts/series/black-ish" target="_blank">Black Ish</a><br />
<a href="/posts/series/black-jesus" target="_blank">Black Jesus</a><br />
<a href="/posts/series/black-mirror" target="_blank">Black Mirror</a><br />
<a href="/posts/series/black-sails" target="_blank">Black Sails</a><br />
<a href="/posts/series/blackout" target="_blank">Blackout</a><br />
<a href="/posts/series/blandings" target="_blank">Blandings</a><br />
<a href="/posts/series/blindspot" target="_blank">Blindspot</a><br />
<a href="/posts/series/blood-and-oil-2015" target="_blank">Blood And Oil (2015)</a><br />
<a href="/posts/series/bloodline" target="_blank">Bloodline</a><br />
<a href="/posts/series/blue-bloods" target="_blank">Blue Bloods</a><br />
<a href="/posts/series/bluestone-42" target="_blank">Bluestone 42</a><br />
<a href="/posts/series/blunt-talk" target="_blank">Blunt Talk</a><br />
<a href="/posts/series/boardwalk-empire" target="_blank">Boardwalk Empire</a><br />
<a href="/posts/series/bob-servant-independent" target="_blank">Bob Servant Independent</a><br />
<a href="/posts/series/body-of-proof" target="_blank">Body Of Proof</a><br />
<a href="/posts/series/bomb-girls" target="_blank">Bomb Girls</a><br />
<a href="/posts/series/bones" target="_blank">Bones</a><br />
<a href="/posts/series/bonnie-and-clyde-2013-miniseries" target="_blank">Bonnie and Clyde (2013) [Miniseries]</a><br />
<a href="/posts/series/boomers" target="_blank">Boomers</a><br />
<a href="/posts/series/bosch" target="_blank">Bosch</a><br />
<a href="/posts/series/boss" target="_blank">Boss</a><br />
<a href="/posts/series/boy-meets-girl-2015" target="_blank">Boy Meets Girl (2015)</a><br />
<a href="/posts/series/braindead" target="_blank">Braindead</a><br />
<a href="/posts/series/breaking-bad" target="_blank">Breaking Bad</a><br />
<a href="/posts/series/breaking-in" target="_blank">Breaking In</a><br />
<a href="/posts/series/breakout-kings" target="_blank">Breakout Kings</a><br />
<a href="/posts/series/breathless-uk" target="_blank">Breathless (UK)</a><br />
<a href="/posts/series/brief-encounters" target="_blank">Brief Encounters</a><br />
<a href="/posts/series/broad-city" target="_blank">Broad City</a><br />
<a href="/posts/series/broadchurch" target="_blank">Broadchurch</a><br />
<a href="/posts/series/brock-2016-miniseries" target="_blank">Brock (2016) [Miniseries]</a><br />
<a href="/posts/series/brody-stevens-enjoy-it" target="_blank">Brody Stevens Enjoy It</a><br />
<a href="/posts/series/brooklyn-nine-nine" target="_blank">Brooklyn Nine Nine</a><br />
<a href="/posts/series/brotherhood" target="_blank">Brotherhood</a><br />
<a href="/posts/series/bull-2016" target="_blank">Bull (2016)</a><br />
<a href="/posts/series/bullet-in-the-face" target="_blank">Bullet In The Face</a><br />
<a href="/posts/series/bunheads" target="_blank">Bunheads</a><br />
<a href="/posts/series/bunkd" target="_blank">Bunkd</a><br />
<a href="/posts/series/burn-notice" target="_blank">Burn Notice</a><br />
<a href="/posts/series/by-any-means" target="_blank">By Any Means</a><br />
<a href="/posts/series/californication" target="_blank">Californication</a><br />
<a href="/posts/series/call-me-fitz" target="_blank">Call Me Fitz</a><br />
<a href="/posts/series/call-the-midwife" target="_blank">Call The Midwife</a><br />
<a href="/posts/series/camp" target="_blank">Camp</a><br />
<a href="/posts/series/capital-miniseries" target="_blank">Capital [Miniseries]</a><br />
<a href="/posts/series/cardinal-burns" target="_blank">Cardinal Burns</a><br />
<a href="/posts/series/casanova-2015" target="_blank">Casanova (2015)</a><br />
<a href="/posts/series/case-histories-miniseries" target="_blank">Case Histories [Miniseries]</a><br />
<a href="/posts/series/case-sensitive" target="_blank">Case Sensitive</a><br />
<a href="/posts/series/castle" target="_blank">Castle</a><br />
<a href="/posts/series/casualty" target="_blank">Casualty</a><br />
<a href="/posts/series/catastrophe-2015" target="_blank">Catastrophe (2015)</a><br />
<a href="/posts/series/catching-milat-miniseries" target="_blank">Catching Milat [Miniseries]</a><br />
<a href="/posts/series/catherine-tates-nan" target="_blank">Catherine Tate's Nan</a><br />
<a href="/posts/series/cedar-cove" target="_blank">Cedar Cove</a><br />
<a href="/posts/series/chance" target="_blank">Chance</a><br />
<a href="/posts/series/channel-zero" target="_blank">Channel Zero</a><br />
<a href="/posts/series/chase-champion" target="_blank">Chase Champion</a><br />
<a href="/posts/series/chasing-life" target="_blank">Chasing Life</a><br />
<a href="/posts/series/chasing-shadows" target="_blank">Chasing Shadows</a><br />
<a href="/posts/series/chewing-gum" target="_blank">Chewing Gum</a><br />
<a href="/posts/series/chicago-fire" target="_blank">Chicago Fire</a><br />
<a href="/posts/series/chicago-med" target="_blank">Chicago Med</a><br />
<a href="/posts/series/chicago-pd" target="_blank">Chicago P.D.</a><br />
<a href="/posts/series/chicagoland" target="_blank">Chicagoland</a><br />
<a href="/posts/series/chickens" target="_blank">Chickens</a><br />
<a href="/posts/series/childhoods-end-miniseries" target="_blank">Childhoods End [Miniseries]</a><br />
<a href="/posts/series/childrens-hospital-us" target="_blank">Childrens Hospital (US)</a><br />
<a href="/posts/series/cilla" target="_blank">Cilla</a><br />
<a href="/posts/series/citizen-khan" target="_blank">Citizen Khan</a><br />
<a href="/posts/series/class-2016" target="_blank">Class (2016)</a><br />
<a href="/posts/series/cleverman" target="_blank">Cleverman</a><br />
<a href="/posts/series/clipped" target="_blank">Clipped</a><br />
<a href="/posts/series/cocked" target="_blank">Cocked</a><br />
<a href="/posts/series/code-black" target="_blank">Code Black</a><br />
<a href="/posts/series/code-of-a-killer-miniseries" target="_blank">Code Of A Killer [Miniseries]</a><br />
<a href="/posts/series/cold-feet" target="_blank">Cold Feet</a><br />
<a href="/posts/series/colony" target="_blank">Colony</a><br />
<a href="/posts/series/coma-2012-miniseries" target="_blank">Coma (2012) [Miniseries]</a><br />
<a href="/posts/series/comedy-playhouse" target="_blank">Comedy Playhouse</a><br />
<a href="/posts/series/coming-up" target="_blank">Coming Up</a><br />
<a href="/posts/series/common-law" target="_blank">Common Law</a><br />
<a href="/posts/series/community" target="_blank">Community</a><br />
<a href="/posts/series/complications" target="_blank">Complications</a><br />
<a href="/posts/series/constantine" target="_blank">Constantine</a><br />
<a href="/posts/series/containment" target="_blank">Containment</a><br />
<a href="/posts/series/continuum" target="_blank">Continuum</a><br />
<a href="/posts/series/conviction-2016" target="_blank">Conviction (2016)</a><br />
<a href="/posts/series/cooper-barretts-guide-to-surviving-life" target="_blank">Cooper Barrett's Guide to Surviving Life</a><br />
<a href="/posts/series/copper" target="_blank">Copper</a><br />
<a href="/posts/series/cougar-town" target="_blank">Cougar Town</a><br />
<a href="/posts/series/count-arthur-strong" target="_blank">Count Arthur Strong</a><br />
<a href="/posts/series/covert-affairs" target="_blank">Covert Affairs</a><br />
<a href="/posts/series/crackanory" target="_blank">Crackanory</a><br />
<a href="/posts/series/cracked" target="_blank">Cracked</a><br />
<a href="/posts/series/cradle-to-grave" target="_blank">Cradle To Grave</a><br />
<a href="/posts/series/crashing" target="_blank">Crashing</a><br />
<a href="/posts/series/crazy-ex-girlfriend" target="_blank">Crazy Ex-Girlfriend</a><br />
<a href="/posts/series/crazyhead" target="_blank">Crazyhead</a><br />
<a href="/posts/series/criminal-minds" target="_blank">Criminal Minds</a><br />
<a href="/posts/series/criminal-minds-beyond-borders" target="_blank">Criminal Minds: Beyond Borders</a><br />
<a href="/posts/series/crims" target="_blank">Crims</a><br />
<a href="/posts/series/crisis" target="_blank">Crisis</a><br />
<a href="/posts/series/crisis-in-six-scenes" target="_blank">Crisis In Six Scenes</a><br />
<a href="/posts/series/cristela" target="_blank">Cristela</a><br />
<a href="/posts/series/critical" target="_blank">Critical</a><br />
<a href="/posts/series/critical-uk" target="_blank">Critical (UK)</a><br />
<a href="/posts/series/crossbones" target="_blank">Crossbones</a><br />
<a href="/posts/series/crossing-lines" target="_blank">Crossing Lines</a><br />
<a href="/posts/series/crowded" target="_blank">Crowded</a><br />
<a href="/posts/series/csi" target="_blank">CSI</a><br />
<a href="/posts/series/csi-cyber" target="_blank">CSI: Cyber</a><br />
<a href="/posts/series/csi-miami" target="_blank">CSI: Miami</a><br />
<a href="/posts/series/csi-ny" target="_blank">CSI: NY</a><br />
<a href="/posts/series/cuckoo" target="_blank">Cuckoo</a><br />
<a href="/posts/series/cuffs" target="_blank">Cuffs</a><br />
<a href="/posts/series/cult" target="_blank">Cult</a><br />
<a href="/posts/series/da-vincis-demons" target="_blank">Da Vinci's Demons</a><br />
<a href="/posts/series/dads-2013" target="_blank">Dads (2013)</a><br />
<a href="/posts/series/dallas-2012" target="_blank">Dallas (2012)</a><br />
<a href="/posts/series/damages" target="_blank">Damages</a><br />
<a href="/posts/series/damien" target="_blank">Damien</a><br />
<a href="/posts/series/damned" target="_blank">Damned</a><br />
<a href="/posts/series/dark-angel-2016" target="_blank">Dark Angel (2016)</a><br />
<a href="/posts/series/dark-matter" target="_blank">Dark Matter</a><br />
<a href="/posts/series/dates" target="_blank">Dates</a><br />
<a href="/posts/series/dating-rules-from-my-future-self" target="_blank">Dating Rules From My Future Self</a><br />
<a href="/posts/series/day-5" target="_blank">Day 5</a><br />
<a href="/posts/series/dci-banks" target="_blank">DCI Banks</a><br />
<a href="/posts/series/dcs-legends-of-tomorrow" target="_blank">DC's Legends of Tomorrow</a><br />
<a href="/posts/series/dead-of-summer" target="_blank">Dead Of Summer</a><br />
<a href="/posts/series/deadbeat" target="_blank">Deadbeat</a><br />
<a href="/posts/series/deadline-gallipoli-miniseries" target="_blank">Deadline Gallipoli [Miniseries]</a><br />
<a href="/posts/series/deadtime-stories" target="_blank">Deadtime Stories</a><br />
<a href="/posts/series/death-comes-to-pemberley-miniseries" target="_blank">Death Comes To Pemberley [Miniseries]</a><br />
<a href="/posts/series/death-in-paradise" target="_blank">Death In Paradise</a><br />
<a href="/posts/series/deception" target="_blank">Deception</a><br />
<a href="/posts/series/deep-water" target="_blank">Deep Water</a><br />
<a href="/posts/series/defiance" target="_blank">Defiance</a><br />
<a href="/posts/series/degrassi" target="_blank">Degrassi</a><br />
<a href="/posts/series/degrassi-next-class" target="_blank">Degrassi Next Class</a><br />
<a href="/posts/series/derek" target="_blank">Derek</a><br />
<a href="/posts/series/designated-survivor" target="_blank">Designated Survivor</a><br />
<a href="/posts/series/desperate-housewives" target="_blank">Desperate Housewives</a><br />
<a href="/posts/series/detectorists" target="_blank">Detectorists</a><br />
<a href="/posts/series/deutschland-83" target="_blank">Deutschland 83</a><br />
<a href="/posts/series/devils-dust-2012-miniseries" target="_blank">Devils Dust (2012) [Miniseries]</a><br />
<a href="/posts/series/devils-playground" target="_blank">Devils Playground</a><br />
<a href="/posts/series/devious-maids" target="_blank">Devious Maids</a><br />
<a href="/posts/series/dexter" target="_blank">Dexter</a><br />
<a href="/posts/series/dice" target="_blank">Dice</a><br />
<a href="/posts/series/dickensian" target="_blank">Dickensian</a><br />
<a href="/posts/series/die-on-your-feet" target="_blank">Die On Your Feet</a><br />
<a href="/posts/series/difficult-people" target="_blank">Difficult People</a><br />
<a href="/posts/series/dig" target="_blank">Dig</a><br />
<a href="/posts/series/dirk-gentlys-holistic-detective-agency" target="_blank">Dirk Gently's Holistic Detective Agency</a><br />
<a href="/posts/series/divorce-2016" target="_blank">Divorce (2016)</a><br />
<a href="/posts/series/do-no-harm" target="_blank">Do No Harm</a><br />
<a href="/posts/series/doc-martin" target="_blank">Doc Martin</a><br />
<a href="/posts/series/doctor-foster" target="_blank">Doctor Foster</a><br />
<a href="/posts/series/doctor-thorne" target="_blank">Doctor Thorne</a><br />
<a href="/posts/series/doctor-who-2005" target="_blank">Doctor Who (2005)</a><br />
<a href="/posts/series/doctor-who-extra" target="_blank">Doctor Who: Extra</a><br />
<a href="/posts/series/documentary-now" target="_blank">Documentary Now</a><br />
<a href="/posts/series/dog-with-a-blog" target="_blank">Dog With A Blog</a><br />
<a href="/posts/series/doll-and-em" target="_blank">Doll And Em</a><br />
<a href="/posts/series/dominion" target="_blank">Dominion</a><br />
<a href="/posts/series/donny" target="_blank">Donny</a><br />
<a href="/posts/series/dont-trust-the-bitch-in-apartment-23" target="_blank">Don't Trust The Bitch In Apartment 23</a><br />
<a href="/posts/series/downton-abbey" target="_blank">Downton Abbey</a><br />
<a href="/posts/series/dr-ken" target="_blank">Dr. Ken</a><br />
<a href="/posts/series/dracula-2013" target="_blank">Dracula (2013)</a><br />
<a href="/posts/series/dream-corp-llc" target="_blank">Dream Corp LLC</a><br />
<a href="/posts/series/drifters" target="_blank">Drifters</a><br />
<a href="/posts/series/drop-dead-diva" target="_blank">Drop Dead Diva</a><br />
<a href="/posts/series/drunk-history" target="_blank">Drunk History</a><br />
<a href="/posts/series/drunk-history-uk" target="_blank">Drunk History (UK)</a><br />
<a href="/posts/series/eagleheart" target="_blank">Eagleheart</a><br />
<a href="/posts/series/eastbound-and-down" target="_blank">Eastbound And Down</a><br />
<a href="/posts/series/edge-of-heaven" target="_blank">Edge Of Heaven</a><br />
<a href="/posts/series/elementary" target="_blank">Elementary</a><br />
<a href="/posts/series/emily-owens-m-d" target="_blank">Emily Owens M.D.</a><br />
<a href="/posts/series/empire-2015" target="_blank">Empire (2015)</a><br />
<a href="/posts/series/endeavour" target="_blank">Endeavour</a><br />
<a href="/posts/series/enlightened" target="_blank">Enlightened</a><br />
<a href="/posts/series/enlisted" target="_blank">Enlisted</a><br />
<a href="/posts/series/episodes" target="_blank">Episodes</a><br />
<a href="/posts/series/eureka" target="_blank">Eureka</a><br />
<a href="/posts/series/eve-of-destruction-miniseries" target="_blank">Eve Of Destruction [Miniseries]</a><br />
<a href="/posts/series/evermoor-miniseries" target="_blank">Evermoor [Miniseries]</a><br />
<a href="/posts/series/every-witch-way" target="_blank">Every Witch Way</a><br />
<a href="/posts/series/extant" target="_blank">Extant</a><br />
<a href="/posts/series/eye-candy" target="_blank">Eye Candy</a><br />
<a href="/posts/series/eyewitness-us-2016" target="_blank">Eyewitness (US) 2016</a><br />
<a href="/posts/series/fairly-legal" target="_blank">Fairly Legal</a><br />
<a href="/posts/series/faking-it-us-2014" target="_blank">Faking It (US) 2014</a><br />
<a href="/posts/series/falling-skies" target="_blank">Falling Skies</a><br />
<a href="/posts/series/falling-water" target="_blank">Falling Water</a><br />
<a href="/posts/series/family-tools" target="_blank">Family Tools</a><br />
<a href="/posts/series/family-tree" target="_blank">Family Tree</a><br />
<a href="/posts/series/fargo" target="_blank">Fargo</a><br />
<a href="/posts/series/fat-tony-and-co" target="_blank">Fat Tony and Co.</a><br />
<a href="/posts/series/father-brown" target="_blank">Father Brown</a><br />
<a href="/posts/series/father-figure" target="_blank">Father Figure</a><br />
<a href="/posts/series/fear-the-walking-dead" target="_blank">Fear The Walking Dead</a><br />
<a href="/posts/series/feed-the-beast" target="_blank">Feed The Beast</a><br />
<a href="/posts/series/femme-fatales" target="_blank">Femme Fatales</a><br />
<a href="/posts/series/filthy-rich" target="_blank">Filthy Rich</a><br />
<a href="/posts/series/filthy-sexy-teens" target="_blank">Filthy Sexy Teens</a><br />
<a href="/posts/series/finding-carter" target="_blank">Finding Carter</a><br />
<a href="/posts/series/flaked" target="_blank">Flaked</a><br />
<a href="/posts/series/flashpoint" target="_blank">Flashpoint</a><br />
<a href="/posts/series/flat-tv" target="_blank">Flat TV</a><br />
<a href="/posts/series/fleabag" target="_blank">Fleabag</a><br />
<a href="/posts/series/fleming-the-man-who-would-be-bond-miniseries" target="_blank">Fleming The Man Who Would Be Bond [Miniseries]</a><br />
<a href="/posts/series/flesh-and-bone" target="_blank">Flesh And Bone</a><br />
<a href="/posts/series/flowers" target="_blank">Flowers</a><br />
<a href="/posts/series/follow-the-money" target="_blank">Follow The Money</a><br />
<a href="/posts/series/fool-britannia" target="_blank">Fool Britannia</a><br />
<a href="/posts/series/forever-2014" target="_blank">Forever (2014)</a><br />
<a href="/posts/series/fortitude" target="_blank">Fortitude</a><br />
<a href="/posts/series/foyles-war" target="_blank">Foyles War</a><br />
<a href="/posts/series/frankie" target="_blank">Frankie</a><br />
<a href="/posts/series/franklin-and-bash" target="_blank">Franklin And Bash</a><br />
<a href="/posts/series/frequency" target="_blank">Frequency</a><br />
<a href="/posts/series/fresh-meat" target="_blank">Fresh Meat</a><br />
<a href="/posts/series/fresh-off-the-boat" target="_blank">Fresh Off The Boat</a><br />
<a href="/posts/series/friday-night-dinner" target="_blank">Friday Night Dinner</a><br />
<a href="/posts/series/fried" target="_blank">Fried</a><br />
<a href="/posts/series/friends-of-the-people" target="_blank">Friends Of The People</a><br />
<a href="/posts/series/friends-with-better-lives" target="_blank">Friends With Better Lives</a><br />
<a href="/posts/series/fringe" target="_blank">Fringe</a><br />
<a href="/posts/series/from-darkness" target="_blank">From Darkness</a><br />
<a href="/posts/series/from-dusk-till-dawn-the-series" target="_blank">From Dusk Till Dawn: The Series</a><br />
<a href="/posts/series/from-there-to-here" target="_blank">From There To Here</a><br />
<a href="/posts/series/fuller-house" target="_blank">Fuller House</a><br />
<a href="/posts/series/fungus-the-bogeyman" target="_blank">Fungus The Bogeyman</a><br />
<a href="/posts/series/galavant" target="_blank">Galavant</a><br />
<a href="/posts/series/gallipoli" target="_blank">Gallipoli</a><br />
<a href="/posts/series/game-of-silence" target="_blank">Game Of Silence</a><br />
<a href="/posts/series/game-of-thrones" target="_blank">Game Of Thrones</a><br />
<a href="/posts/series/game-shakers" target="_blank">Game Shakers</a><br />
<a href="/posts/series/gamers-guide-to-pretty-much-everything" target="_blank">Gamer's Guide to Pretty Much Everything</a><br />
<a href="/posts/series/gang-related" target="_blank">Gang Related</a><br />
<a href="/posts/series/gangland-undercover" target="_blank">Gangland Undercover</a><br />
<a href="/posts/series/garfunkel-and-oates" target="_blank">Garfunkel And Oates</a><br />
<a href="/posts/series/gates" target="_blank">Gates</a><br />
<a href="/posts/series/gcb" target="_blank">GCB</a><br />
<a href="/posts/series/getting-on-us" target="_blank">Getting On (US)</a><br />
<a href="/posts/series/girl-meets-world" target="_blank">Girl Meets World</a><br />
<a href="/posts/series/girlfriends-guide-to-divorce" target="_blank">Girlfriends' Guide To Divorce</a><br />
<a href="/posts/series/girls" target="_blank">Girls</a><br />
<a href="/posts/series/glee" target="_blank">Glee</a><br />
<a href="/posts/series/glitch" target="_blank">Glitch</a><br />
<a href="/posts/series/glue" target="_blank">Glue</a><br />
<a href="/posts/series/go-on" target="_blank">Go On</a><br />
<a href="/posts/series/going-forward" target="_blank">Going Forward</a><br />
<a href="/posts/series/gold-fever-miniseries" target="_blank">Gold Fever [Miniseries]</a><br />
<a href="/posts/series/golden" target="_blank">Golden</a><br />
<a href="/posts/series/golden-boy" target="_blank">Golden Boy</a><br />
<a href="/posts/series/goliath" target="_blank">Goliath</a><br />
<a href="/posts/series/good-behavior" target="_blank">Good Behavior</a><br />
<a href="/posts/series/good-cop" target="_blank">Good Cop</a><br />
<a href="/posts/series/good-witch" target="_blank">Good Witch</a><br />
<a href="/posts/series/goodnight-sweetheart" target="_blank">Goodnight Sweetheart</a><br />
<a href="/posts/series/gossip-girl" target="_blank">Gossip Girl</a><br />
<a href="/posts/series/gotham" target="_blank">Gotham</a><br />
<a href="/posts/series/grace-and-frankie" target="_blank">Grace and Frankie</a><br />
<a href="/posts/series/graceland" target="_blank">Graceland</a><br />
<a href="/posts/series/gracepoint" target="_blank">Gracepoint</a><br />
<a href="/posts/series/grandfathered" target="_blank">Grandfathered</a><br />
<a href="/posts/series/grantchester" target="_blank">Grantchester</a><br />
<a href="/posts/series/graves" target="_blank">Graves</a><br />
<a href="/posts/series/great-night-out" target="_blank">Great Night Out</a><br />
<a href="/posts/series/greys-anatomy" target="_blank">Greys Anatomy</a><br />
<a href="/posts/series/grimm" target="_blank">Grimm</a><br />
<a href="/posts/series/ground-floor" target="_blank">Ground Floor</a><br />
<a href="/posts/series/growing-up-fisher" target="_blank">Growing Up Fisher</a><br />
<a href="/posts/series/guilt" target="_blank">Guilt</a><br />
<a href="/posts/series/guys-with-kids" target="_blank">Guys With Kids</a><br />
<a href="/posts/series/halt-and-catch-fire" target="_blank">Halt And Catch Fire</a><br />
<a href="/posts/series/hand-of-god" target="_blank">Hand Of God</a><br />
<a href="/posts/series/hannibal" target="_blank">Hannibal</a><br />
<a href="/posts/series/hap-and-leonard" target="_blank">Hap and Leonard</a><br />
<a href="/posts/series/happily-divorced" target="_blank">Happily Divorced</a><br />
<a href="/posts/series/happy-endings" target="_blank">Happy Endings</a><br />
<a href="/posts/series/happy-valley" target="_blank">Happy Valley</a><br />
<a href="/posts/series/happyish" target="_blank">Happyish</a><br />
<a href="/posts/series/happyland" target="_blank">Happyland</a><br />
<a href="/posts/series/harley-and-the-davidsons-miniseries" target="_blank">Harley and The Davidsons [Miniseries]</a><br />
<a href="/posts/series/harry" target="_blank">Harry</a><br />
<a href="/posts/series/harrys-law" target="_blank">Harrys Law</a><br />
<a href="/posts/series/hart-of-dixie" target="_blank">Hart Of Dixie</a><br />
<a href="/posts/series/haters-back-off" target="_blank">Haters Back Off</a><br />
<a href="/posts/series/hatfields-and-mccoys-miniseries" target="_blank">Hatfields and Mccoys [Miniseries]</a><br />
<a href="/posts/series/haven" target="_blank">Haven</a><br />
<a href="/posts/series/hawaii-five-0" target="_blank">Hawaii Five-0</a><br />
<a href="/posts/series/heading-out" target="_blank">Heading Out</a><br />
<a href="/posts/series/heartbeat-2016" target="_blank">Heartbeat (2016)</a><br />
<a href="/posts/series/heartland-ca" target="_blank">Heartland (CA)</a><br />
<a href="/posts/series/hebburn" target="_blank">Hebburn</a><br />
<a href="/posts/series/helix" target="_blank">Helix</a><br />
<a href="/posts/series/hell-on-wheels" target="_blank">Hell On Wheels</a><br />
<a href="/posts/series/hello-ladies" target="_blank">Hello Ladies</a><br />
<a href="/posts/series/hemlock-grove" target="_blank">Hemlock Grove</a><br />
<a href="/posts/series/henry-danger" target="_blank">Henry Danger</a><br />
<a href="/posts/series/here-come-the-habibs" target="_blank">Here Come The Habibs</a><br />
<a href="/posts/series/heroes-reborn" target="_blank">Heroes Reborn</a><br />
<a href="/posts/series/heroes-reborn-dark-matters" target="_blank">Heroes Reborn: Dark Matters</a><br />
<a href="/posts/series/hiding" target="_blank">Hiding</a><br />
<a href="/posts/series/high-maintenance" target="_blank">High Maintenance</a><br />
<a href="/posts/series/him" target="_blank">Him</a><br />
<a href="/posts/series/him-and-her" target="_blank">Him and Her</a><br />
<a href="/posts/series/hindsight-2015" target="_blank">Hindsight 2015</a><br />
<a href="/posts/series/hinterland" target="_blank">Hinterland</a><br />
<a href="/posts/series/hit-miss" target="_blank">Hit Miss</a><br />
<a href="/posts/series/hit-the-floor" target="_blank">Hit The Floor</a><br />
<a href="/posts/series/hollywood-heights" target="_blank">Hollywood Heights</a><br />
<a href="/posts/series/home-fires-uk" target="_blank">Home Fires (UK)</a><br />
<a href="/posts/series/home-from-home" target="_blank">Home From Home</a><br />
<a href="/posts/series/homeland" target="_blank">Homeland</a><br />
<a href="/posts/series/hooten-and-the-lady" target="_blank">Hooten and The Lady</a><br />
<a href="/posts/series/hope-and-wire" target="_blank">Hope and Wire</a><br />
<a href="/posts/series/hostages" target="_blank">Hostages</a><br />
<a href="/posts/series/hot-in-cleveland" target="_blank">Hot In Cleveland</a><br />
<a href="/posts/series/houdini-2014-miniseries" target="_blank">Houdini (2014) [Miniseries]</a><br />
<a href="/posts/series/houdini-and-doyle" target="_blank">Houdini and Doyle</a><br />
<a href="/posts/series/house" target="_blank">House</a><br />
<a href="/posts/series/house-husbands" target="_blank">House Husbands</a><br />
<a href="/posts/series/house-of-anubis" target="_blank">House Of Anubis</a><br />
<a href="/posts/series/house-of-cards" target="_blank">House Of Cards</a><br />
<a href="/posts/series/house-of-fools" target="_blank">House Of Fools</a><br />
<a href="/posts/series/house-of-lies" target="_blank">House Of Lies</a><br />
<a href="/posts/series/housos" target="_blank">Housos</a><br />
<a href="/posts/series/how-i-met-your-mother" target="_blank">How I Met Your Mother</a><br />
<a href="/posts/series/how-to-get-away-with-murder" target="_blank">How To Get Away With Murder</a><br />
<a href="/posts/series/how-to-live-with-your-parents" target="_blank">How To Live With Your Parents</a><br />
<a href="/posts/series/humans" target="_blank">Humans</a><br />
<a href="/posts/series/hunted" target="_blank">Hunted</a><br />
<a href="/posts/series/hunters" target="_blank">Hunters</a><br />
<a href="/posts/series/hyde-and-seek" target="_blank">Hyde and Seek</a><br />
<a href="/posts/series/i-hate-my-teenage-daughter" target="_blank">I Hate My Teenage Daughter</a><br />
<a href="/posts/series/i-just-want-my-pants-back" target="_blank">I Just Want My Pants Back</a><br />
<a href="/posts/series/i-want-my-wife-back" target="_blank">I Want My Wife Back</a><br />
<a href="/posts/series/icarly" target="_blank">Icarly</a><br />
<a href="/posts/series/idiotsitter-2016" target="_blank">Idiotsitter (2016)</a><br />
<a href="/posts/series/if-loving-you-is-wrong" target="_blank">If Loving You Is Wrong</a><br />
<a href="/posts/series/im-spazticus" target="_blank">I'm Spazticus</a><br />
<a href="/posts/series/impastor" target="_blank">Impastor</a><br />
<a href="/posts/series/in-and-out-of-the-kitchen" target="_blank">In And Out Of The Kitchen</a><br />
<a href="/posts/series/in-plain-sight" target="_blank">In Plain Sight</a><br />
<a href="/posts/series/in-the-club" target="_blank">In The Club</a><br />
<a href="/posts/series/in-the-flesh" target="_blank">In The Flesh</a><br />
<a href="/posts/series/indian-summers" target="_blank">Indian Summers</a><br />
<a href="/posts/series/insecure" target="_blank">Insecure</a><br />
<a href="/posts/series/inside-amy-schumer" target="_blank">Inside Amy Schumer</a><br />
<a href="/posts/series/inside-mad-men-a-look-at-season-6" target="_blank">Inside Mad Men: A Look At Season 6</a><br />
<a href="/posts/series/inside-no-9" target="_blank">Inside No. 9</a><br />
<a href="/posts/series/inspector-george-gently" target="_blank">Inspector George Gently</a><br />
<a href="/posts/series/instant-mom" target="_blank">Instant Mom</a><br />
<a href="/posts/series/intelligence-us" target="_blank">Intelligence (US)</a><br />
<a href="/posts/series/into-the-badlands" target="_blank">Into The Badlands</a><br />
<a href="/posts/series/intruders" target="_blank">Intruders</a><br />
<a href="/posts/series/inxs-never-tear-us-apart-miniseries" target="_blank">INXS: Never Tear Us Apart [Miniseries]</a><br />
<a href="/posts/series/ironside-2013" target="_blank">Ironside (2013)</a><br />
<a href="/posts/series/its-a-date" target="_blank">Its A Date</a><br />
<a href="/posts/series/its-always-sunny-in-philadelphia" target="_blank">Its Always Sunny In Philadelphia</a><br />
<a href="/posts/series/its-kevin" target="_blank">Its Kevin</a><br />
<a href="/posts/series/izombie" target="_blank">Izombie</a><br />
<a href="/posts/series/jack-irish" target="_blank">Jack Irish</a><br />
<a href="/posts/series/jamaica-inn-miniseries" target="_blank">Jamaica Inn [Miniseries]</a><br />
<a href="/posts/series/jamie-private-school-girl" target="_blank">Jamie Private School Girl</a><br />
<a href="/posts/series/jane-by-design" target="_blank">Jane By Design</a><br />
<a href="/posts/series/jane-the-virgin" target="_blank">Jane The Virgin</a><br />
<a href="/posts/series/janet-king" target="_blank">Janet King</a><br />
<a href="/posts/series/jekyll-and-hyde" target="_blank">Jekyll and Hyde</a><br />
<a href="/posts/series/jennifer-falls" target="_blank">Jennifer Falls</a><br />
<a href="/posts/series/jericho-2016" target="_blank">Jericho 2016</a><br />
<a href="/posts/series/jessie" target="_blank">Jessie</a><br />
<a href="/posts/series/jo" target="_blank">Jo</a><br />
<a href="/posts/series/jonah-from-tonga" target="_blank">Jonah From Tonga</a><br />
<a href="/posts/series/jonathan-creek" target="_blank">Jonathan Creek</a><br />
<a href="/posts/series/jonathan-strange-and-mr-norrell" target="_blank">Jonathan Strange and Mr Norrell</a><br />
<a href="/posts/series/josh" target="_blank">Josh</a><br />
<a href="/posts/series/justified" target="_blank">Justified</a><br />
<a href="/posts/series/k-c-undercover" target="_blank">K.C. Undercover</a><br />
<a href="/posts/series/kevin-can-wait" target="_blank">Kevin Can Wait</a><br />
<a href="/posts/series/kevin-from-work" target="_blank">Kevin From Work</a><br />
<a href="/posts/series/key-and-peele" target="_blank">Key And Peele</a><br />
<a href="/posts/series/killer-women" target="_blank">Killer Women</a><br />
<a href="/posts/series/killjoys" target="_blank">Killjoys</a><br />
<a href="/posts/series/king-and-maxwell" target="_blank">King and Maxwell</a><br />
<a href="/posts/series/kingdom-2014" target="_blank">Kingdom (2014)</a><br />
<a href="/posts/series/kinne" target="_blank">Kinne</a><br />
<a href="/posts/series/kirstie" target="_blank">Kirstie</a><br />
<a href="/posts/series/klondike-2014-miniseries" target="_blank">Klondike (2014) [Miniseries]</a><br />
<a href="/posts/series/kroll-show" target="_blank">Kroll Show</a><br />
<a href="/posts/series/lab-rats-elite-force" target="_blank">Lab Rats: Elite Force</a><br />
<a href="/posts/series/labyrinth-2013-miniseries" target="_blank">Labyrinth (2013) [Miniseries]</a><br />
<a href="/posts/series/last-man-standing-us" target="_blank">Last Man Standing (US)</a><br />
<a href="/posts/series/last-resort" target="_blank">Last Resort</a><br />
<a href="/posts/series/last-tango-in-halifax" target="_blank">Last Tango In Halifax</a><br />
<a href="/posts/series/law-and-order-uk" target="_blank">Law And Order (UK)</a><br />
<a href="/posts/series/law-and-order-special-victims-unit" target="_blank">Law and Order: Special Victims Unit</a><br />
<a href="/posts/series/leaving-uk-miniseries" target="_blank">Leaving (UK) [Miniseries]</a><br />
<a href="/posts/series/legends-2014" target="_blank">Legends (2014)</a><br />
<a href="/posts/series/legit" target="_blank">Legit</a><br />
<a href="/posts/series/less-than-kind" target="_blank">Less Than Kind</a><br />
<a href="/posts/series/lethal-weapon" target="_blank">Lethal Weapon</a><br />
<a href="/posts/series/lets-stay-together" target="_blank">Lets Stay Together</a><br />
<a href="/posts/series/letterkenny" target="_blank">Letterkenny</a><br />
<a href="/posts/series/leverage" target="_blank">Leverage</a><br />
<a href="/posts/series/lewis" target="_blank">Lewis</a><br />
<a href="/posts/series/life-in-pieces" target="_blank">Life In Pieces</a><br />
<a href="/posts/series/life-in-squares-miniseries" target="_blank">Life In Squares [Miniseries]</a><br />
<a href="/posts/series/life-of-crime-miniseries" target="_blank">Life Of Crime [Miniseries]</a><br />
<a href="/posts/series/lightfields" target="_blank">Lightfields</a><br />
<a href="/posts/series/limitless" target="_blank">Limitless</a><br />
<a href="/posts/series/line-of-duty" target="_blank">Line Of Duty</a><br />
<a href="/posts/series/liv-and-maddie" target="_blank">Liv and Maddie</a><br />
<a href="/posts/series/loiter-squad" target="_blank">Loiter Squad</a><br />
<a href="/posts/series/london-irish" target="_blank">London Irish</a><br />
<a href="/posts/series/london-spy" target="_blank">London Spy</a><br />
<a href="/posts/series/longmire" target="_blank">Longmire</a><br />
<a href="/posts/series/looking" target="_blank">Looking</a><br />
<a href="/posts/series/lopez" target="_blank">Lopez</a><br />
<a href="/posts/series/lost-girl" target="_blank">Lost Girl</a><br />
<a href="/posts/series/louie" target="_blank">Louie</a><br />
<a href="/posts/series/love" target="_blank">Love</a><br />
<a href="/posts/series/love-and-marriage-2013" target="_blank">Love And Marriage (2013)</a><br />
<a href="/posts/series/love-child-au" target="_blank">Love Child (AU)</a><br />
<a href="/posts/series/love-matters" target="_blank">Love Matters</a><br />
<a href="/posts/series/love-nina" target="_blank">Love Nina</a><br />
<a href="/posts/series/love-that-girl" target="_blank">Love That Girl</a><br />
<a href="/posts/series/low-winter-sun" target="_blank">Low Winter Sun</a><br />
<a href="/posts/series/lucan-uk-miniseries" target="_blank">Lucan (UK) [Miniseries]</a><br />
<a href="/posts/series/lucifer" target="_blank">Lucifer</a><br />
<a href="/posts/series/luck" target="_blank">Luck</a><br />
<a href="/posts/series/lucky-7" target="_blank">Lucky 7</a><br />
<a href="/posts/series/luther" target="_blank">Luther</a><br />
<a href="/posts/series/macgyver-2016" target="_blank">Macgyver (2016)</a><br />
<a href="/posts/series/mad-dogs" target="_blank">Mad Dogs</a><br />
<a href="/posts/series/mad-dogs-us" target="_blank">Mad Dogs (US)</a><br />
<a href="/posts/series/mad-men" target="_blank">Mad Men</a><br />
<a href="/posts/series/madam-secretary" target="_blank">Madam Secretary</a><br />
<a href="/posts/series/made-in-jersey" target="_blank">Made In Jersey</a><br />
<a href="/posts/series/magic-city" target="_blank">Magic City</a><br />
<a href="/posts/series/major-crimes" target="_blank">Major Crimes</a><br />
<a href="/posts/series/make-it-or-break-it" target="_blank">Make It Or Break It</a><br />
<a href="/posts/series/make-it-pop" target="_blank">Make It Pop</a><br />
<a href="/posts/series/mako-mermaids" target="_blank">Mako Mermaids</a><br />
<a href="/posts/series/malibu-country" target="_blank">Malibu Country</a><br />
<a href="/posts/series/man-down" target="_blank">Man Down</a><br />
<a href="/posts/series/man-seeking-woman" target="_blank">Man Seeking Woman</a><br />
<a href="/posts/series/man-with-a-plan" target="_blank">Man With A Plan</a><br />
<a href="/posts/series/manhattan" target="_blank">Manhattan</a><br />
<a href="/posts/series/mapp-and-lucia" target="_blank">Mapp and Lucia</a><br />
<a href="/posts/series/marcella" target="_blank">Marcella</a><br />
<a href="/posts/series/marco-polo-2014" target="_blank">Marco Polo (2014)</a><br />
<a href="/posts/series/marleys-ghosts" target="_blank">Marleys Ghosts</a><br />
<a href="/posts/series/maron" target="_blank">Maron</a><br />
<a href="/posts/series/married" target="_blank">Married</a><br />
<a href="/posts/series/marry-me-2014" target="_blank">Marry Me (2014)</a><br />
<a href="/posts/series/marseille" target="_blank">Marseille</a><br />
<a href="/posts/series/marvels-agent-carter" target="_blank">Marvel's Agent Carter</a><br />
<a href="/posts/series/marvels-agents-of-s-h-i-e-l-d" target="_blank">Marvel's Agents of S.H.I.E.L.D.</a><br />
<a href="/posts/series/marvels-daredevil" target="_blank">Marvel's Daredevil</a><br />
<a href="/posts/series/marvels-jessica-jones" target="_blank">Marvel's Jessica Jones</a><br />
<a href="/posts/series/marvels-luke-cage" target="_blank">Marvel's Luke Cage</a><br />
<a href="/posts/series/marvin-marvin" target="_blank">Marvin Marvin</a><br />
<a href="/posts/series/master-of-none" target="_blank">Master Of None</a><br />
<a href="/posts/series/masters-of-sex" target="_blank">Masters Of Sex</a><br />
<a href="/posts/series/matador-us" target="_blank">Matador (US)</a><br />
<a href="/posts/series/mayday" target="_blank">Mayday</a><br />
<a href="/posts/series/melissa-joey" target="_blank">Melissa Joey</a><br />
<a href="/posts/series/men-at-work" target="_blank">Men at Work</a><br />
<a href="/posts/series/mercy-street" target="_blank">Mercy Street</a><br />
<a href="/posts/series/merlin" target="_blank">Merlin</a><br />
<a href="/posts/series/midsomer-murders" target="_blank">Midsomer Murders</a><br />
<a href="/posts/series/midwinter-of-the-spirit" target="_blank">Midwinter Of The Spirit</a><br />
<a href="/posts/series/mike-and-molly" target="_blank">Mike and Molly</a><br />
<a href="/posts/series/mind-games" target="_blank">Mind Games</a><br />
<a href="/posts/series/minority-report" target="_blank">Minority Report</a><br />
<a href="/posts/series/miranda" target="_blank">Miranda</a><br />
<a href="/posts/series/misfits" target="_blank">Misfits</a><br />
<a href="/posts/series/miss-fishers-murder-mysteries" target="_blank">Miss Fisher's Murder Mysteries</a><br />
<a href="/posts/series/missing" target="_blank">Missing</a><br />
<a href="/posts/series/mistresses-us" target="_blank">Mistresses (US)</a><br />
<a href="/posts/series/mixology" target="_blank">Mixology</a><br />
<a href="/posts/series/mob-city" target="_blank">Mob City</a><br />
<a href="/posts/series/modern-family" target="_blank">Modern Family</a><br />
<a href="/posts/series/molly-2016-miniseries" target="_blank">Molly (2016) [Miniseries]</a><br />
<a href="/posts/series/mom-2013" target="_blank">Mom (2013)</a><br />
<a href="/posts/series/monday-mornings" target="_blank">Monday Mornings</a><br />
<a href="/posts/series/monroe" target="_blank">Monroe</a><br />
<a href="/posts/series/moone-boy" target="_blank">Moone Boy</a><br />
<a href="/posts/series/moonfleet-miniseries" target="_blank">Moonfleet [Miniseries]</a><br />
<a href="/posts/series/morgana-robinsons-the-agency" target="_blank">Morgana Robinson's The Agency</a><br />
<a href="/posts/series/motive" target="_blank">Motive</a><br />
<a href="/posts/series/mount-pleasant" target="_blank">Mount Pleasant</a><br />
<a href="/posts/series/mountain-goats" target="_blank">Mountain Goats</a><br />
<a href="/posts/series/moving-on" target="_blank">Moving On</a><br />
<a href="/posts/series/mozart-in-the-jungle" target="_blank">Mozart In The Jungle</a><br />
<a href="/posts/series/mr-and-mrs-murder" target="_blank">Mr and Mrs Murder</a><br />
<a href="/posts/series/mr-d" target="_blank">Mr. D</a><br />
<a href="/posts/series/mr-robinson" target="_blank">Mr. Robinson</a><br />
<a href="/posts/series/mr-robot" target="_blank">Mr. Robot</a><br />
<a href="/posts/series/mr-selfridge" target="_blank">Mr. Selfridge</a><br />
<a href="/posts/series/mrs-biggs" target="_blank">Mrs Biggs</a><br />
<a href="/posts/series/mrs-browns-boys" target="_blank">Mrs Brown's Boys</a><br />
<a href="/posts/series/mulaney" target="_blank">Mulaney</a><br />
<a href="/posts/series/mum" target="_blank">Mum</a><br />
<a href="/posts/series/murder-2016" target="_blank">Murder (2016)</a><br />
<a href="/posts/series/murder-in-successville" target="_blank">Murder In Successville</a><br />
<a href="/posts/series/murder-in-the-first" target="_blank">Murder In The First</a><br />
<a href="/posts/series/murder-on-the-home-front-miniseries" target="_blank">Murder On The Home Front [Miniseries]</a><br />
<a href="/posts/series/murdoch-mysteries" target="_blank">Murdoch Mysteries</a><br />
<a href="/posts/series/my-babysitters-a-vampire" target="_blank">My Babysitters A Vampire</a><br />
<a href="/posts/series/my-jihad" target="_blank">My Jihad</a><br />
<a href="/posts/series/my-mad-fat-diary" target="_blank">My Mad Fat Diary</a><br />
<a href="/posts/series/mystery-girls" target="_blank">Mystery Girls</a><br />
<a href="/posts/series/narcos" target="_blank">Narcos</a><br />
<a href="/posts/series/nashville-2012" target="_blank">Nashville (2012)</a><br />
<a href="/posts/series/nathan-for-you" target="_blank">Nathan For You</a><br />
<a href="/posts/series/national-treasure" target="_blank">National Treasure</a><br />
<a href="/posts/series/ncis" target="_blank">NCIS</a><br />
<a href="/posts/series/ncis-los-angeles" target="_blank">NCIS: Los Angeles</a><br />
<a href="/posts/series/ncis-new-orleans" target="_blank">NCIS: New Orleans</a><br />
<a href="/posts/series/necessary-roughness" target="_blank">Necessary Roughness</a><br />
<a href="/posts/series/new-blood" target="_blank">New Blood</a><br />
<a href="/posts/series/new-girl" target="_blank">New Girl</a><br />
<a href="/posts/series/new-tricks" target="_blank">New Tricks</a><br />
<a href="/posts/series/new-worlds" target="_blank">New Worlds</a><br />
<a href="/posts/series/newsreaders" target="_blank">Newsreaders</a><br />
<a href="/posts/series/next-stop-for-charlie" target="_blank">Next Stop For Charlie</a><br />
<a href="/posts/series/nick-nickleby" target="_blank">Nick Nickleby</a><br />
<a href="/posts/series/nicky-ricky-dicky-and-dawn" target="_blank">Nicky, Ricky, Dicky and Dawn</a><br />
<a href="/posts/series/nikita" target="_blank">Nikita</a><br />
<a href="/posts/series/no-offence" target="_blank">No Offence</a><br />
<a href="/posts/series/no-tomorrow" target="_blank">No Tomorrow</a><br />
<a href="/posts/series/noel-fieldings-luxury-comedy" target="_blank">Noel Fielding's Luxury Comedy</a><br />
<a href="/posts/series/not-going-out" target="_blank">Not Going Out</a><br />
<a href="/posts/series/not-safe-for-work-uk" target="_blank">Not Safe For Work (UK)</a><br />
<a href="/posts/series/notorious" target="_blank">Notorious</a><br />
<a href="/posts/series/ntsfsdsuv" target="_blank">NTSF:SD:SUV::</a><br />
<a href="/posts/series/nurse-uk" target="_blank">Nurse (UK)</a><br />
<a href="/posts/series/nurse-jackie" target="_blank">Nurse Jackie</a><br />
<a href="/posts/series/nyc-22" target="_blank">NYC 22</a><br />
<a href="/posts/series/odd-mom-out" target="_blank">Odd Mom Out</a><br />
<a href="/posts/series/of-kings-and-prophets-miniseries" target="_blank">Of Kings and Prophets [Miniseries]</a><br />
<a href="/posts/series/offspring" target="_blank">Offspring</a><br />
<a href="/posts/series/old-school" target="_blank">Old School</a><br />
<a href="/posts/series/olympus" target="_blank">Olympus</a><br />
<a href="/posts/series/once-upon-a-time" target="_blank">Once Upon A Time</a><br />
<a href="/posts/series/one-big-happy" target="_blank">One Big Happy</a><br />
<a href="/posts/series/one-child" target="_blank">One Child</a><br />
<a href="/posts/series/one-mississippi" target="_blank">One Mississippi</a><br />
<a href="/posts/series/one-of-us" target="_blank">One Of Us</a><br />
<a href="/posts/series/one-tree-hill" target="_blank">One Tree Hill</a><br />
<a href="/posts/series/orange-is-the-new-black" target="_blank">Orange Is The New Black</a><br />
<a href="/posts/series/ordinary-lies" target="_blank">Ordinary Lies</a><br />
<a href="/posts/series/orphan-black" target="_blank">Orphan Black</a><br />
<a href="/posts/series/our-ex-wife" target="_blank">Our Ex Wife</a><br />
<a href="/posts/series/our-girl" target="_blank">Our Girl</a><br />
<a href="/posts/series/our-world-war-miniseries" target="_blank">Our World War [Miniseries]</a><br />
<a href="/posts/series/our-zoo" target="_blank">Our Zoo</a><br />
<a href="/posts/series/outcast" target="_blank">Outcast</a><br />
<a href="/posts/series/outlander" target="_blank">Outlander</a><br />
<a href="/posts/series/outnumbered" target="_blank">Outnumbered</a><br />
<a href="/posts/series/outsiders" target="_blank">Outsiders</a><br />
<a href="/posts/series/over-to-bill" target="_blank">Over To Bill</a><br />
<a href="/posts/series/package-deal" target="_blank">Package Deal</a><br />
<a href="/posts/series/parades-end" target="_blank">Parades End</a><br />
<a href="/posts/series/paranoid" target="_blank">Paranoid</a><br />
<a href="/posts/series/parenthood" target="_blank">Parenthood</a><br />
<a href="/posts/series/parents" target="_blank">Parents</a><br />
<a href="/posts/series/parks-and-recreation" target="_blank">Parks And Recreation</a><br />
<a href="/posts/series/partners" target="_blank">Partners</a><br />
<a href="/posts/series/partners-2014" target="_blank">Partners 2014</a><br />
<a href="/posts/series/partners-in-crime-uk" target="_blank">Partners In Crime (UK)</a><br />
<a href="/posts/series/party-tricks" target="_blank">Party Tricks</a><br />
<a href="/posts/series/pat-and-cabbage" target="_blank">Pat and Cabbage</a><br />
<a href="/posts/series/peaky-blinders" target="_blank">Peaky Blinders</a><br />
<a href="/posts/series/peep-show" target="_blank">Peep Show</a><br />
<a href="/posts/series/penny-dreadful" target="_blank">Penny Dreadful</a><br />
<a href="/posts/series/people-just-do-nothing" target="_blank">People Just Do Nothing</a><br />
<a href="/posts/series/people-of-earth" target="_blank">People Of Earth</a><br />
<a href="/posts/series/perception" target="_blank">Perception</a><br />
<a href="/posts/series/person-of-interest" target="_blank">Person of Interest</a><br />
<a href="/posts/series/peter-kays-car-share" target="_blank">Peter Kays Car Share</a><br />
<a href="/posts/series/phoneshop" target="_blank">Phoneshop</a><br />
<a href="/posts/series/pitch" target="_blank">Pitch</a><br />
<a href="/posts/series/played-ca" target="_blank">Played (CA)</a><br />
<a href="/posts/series/playing-house" target="_blank">Playing House</a><br />
<a href="/posts/series/plebs" target="_blank">Plebs</a><br />
<a href="/posts/series/point-of-honor" target="_blank">Point Of Honor</a><br />
<a href="/posts/series/poldark-2015" target="_blank">Poldark (2015)</a><br />
<a href="/posts/series/political-animals" target="_blank">Political Animals</a><br />
<a href="/posts/series/pompidou" target="_blank">Pompidou</a><br />
<a href="/posts/series/portlandia" target="_blank">Portlandia</a><br />
<a href="/posts/series/power-2014" target="_blank">Power (2014)</a><br />
<a href="/posts/series/power-games-the-packer-murdoch-story-miniseries" target="_blank">Power Games The Packer Murdoch Story [Miniseries]</a><br />
<a href="/posts/series/power-monkeys" target="_blank">Power Monkeys</a><br />
<a href="/posts/series/power-rangers" target="_blank">Power Rangers</a><br />
<a href="/posts/series/pramface" target="_blank">Pramface</a><br />
<a href="/posts/series/preacher" target="_blank">Preacher</a><br />
<a href="/posts/series/pretty-little-liars" target="_blank">Pretty Little Liars</a><br />
<a href="/posts/series/prey-uk" target="_blank">Prey (UK)</a><br />
<a href="/posts/series/primeval-new-world" target="_blank">Primeval New World</a><br />
<a href="/posts/series/prisoners-wives" target="_blank">Prisoners Wives</a><br />
<a href="/posts/series/private-eyes" target="_blank">Private Eyes</a><br />
<a href="/posts/series/private-practice" target="_blank">Private Practice</a><br />
<a href="/posts/series/privates" target="_blank">Privates</a><br />
<a href="/posts/series/proof-us" target="_blank">Proof (US)</a><br />
<a href="/posts/series/psych" target="_blank">Psych</a><br />
<a href="/posts/series/puberty-blues" target="_blank">Puberty Blues</a><br />
<a href="/posts/series/public-morals" target="_blank">Public Morals</a><br />
<a href="/posts/series/puppy-love" target="_blank">Puppy Love</a><br />
<a href="/posts/series/quantico" target="_blank">Quantico</a><br />
<a href="/posts/series/quarry" target="_blank">Quarry</a><br />
<a href="/posts/series/queen-of-the-south" target="_blank">Queen Of The South</a><br />
<a href="/posts/series/queen-sugar" target="_blank">Queen Sugar</a><br />
<a href="/posts/series/quick-draw" target="_blank">Quick Draw</a><br />
<a href="/posts/series/quirke-miniseries" target="_blank">Quirke [Miniseries]</a><br />
<a href="/posts/series/rachel-dratchs-late-night-snack" target="_blank">Rachel Dratchs Late Night Snack</a><br />
<a href="/posts/series/raised-by-wolves-uk" target="_blank">Raised By Wolves (UK)</a><br />
<a href="/posts/series/raising-hope" target="_blank">Raising Hope</a><br />
<a href="/posts/series/rake" target="_blank">Rake</a><br />
<a href="/posts/series/rake-us" target="_blank">Rake (US)</a><br />
<a href="/posts/series/ravenswood" target="_blank">Ravenswood</a><br />
<a href="/posts/series/ray-donovan" target="_blank">Ray Donovan</a><br />
<a href="/posts/series/reckless-us" target="_blank">Reckless (US)</a><br />
<a href="/posts/series/recovery-road" target="_blank">Recovery Road</a><br />
<a href="/posts/series/rectify" target="_blank">Rectify</a><br />
<a href="/posts/series/red-band-society" target="_blank">Red Band Society</a><br />
<a href="/posts/series/red-dwarf" target="_blank">Red Dwarf</a><br />
<a href="/posts/series/red-widow" target="_blank">Red Widow</a><br />
<a href="/posts/series/reef-doctors" target="_blank">Reef Doctors</a><br />
<a href="/posts/series/reign" target="_blank">Reign</a><br />
<a href="/posts/series/remedy" target="_blank">Remedy</a><br />
<a href="/posts/series/remember-me" target="_blank">Remember Me</a><br />
<a href="/posts/series/republic-of-doyle" target="_blank">Republic Of Doyle</a><br />
<a href="/posts/series/restless-miniseries" target="_blank">Restless [Miniseries]</a><br />
<a href="/posts/series/resurrection-us" target="_blank">Resurrection (US)</a><br />
<a href="/posts/series/retired-at-35" target="_blank">Retired At 35</a><br />
<a href="/posts/series/rev" target="_blank">Rev</a><br />
<a href="/posts/series/revenge" target="_blank">Revenge</a><br />
<a href="/posts/series/review-with-forrest-macneil" target="_blank">Review With Forrest Macneil</a><br />
<a href="/posts/series/revolution" target="_blank">Revolution</a><br />
<a href="/posts/series/rewind" target="_blank">Rewind</a><br />
<a href="/posts/series/ring-of-fire-miniseries" target="_blank">Ring Of Fire [Miniseries]</a><br />
<a href="/posts/series/ringer" target="_blank">Ringer</a><br />
<a href="/posts/series/ripper-street" target="_blank">Ripper Street</a><br />
<a href="/posts/series/river" target="_blank">River</a><br />
<a href="/posts/series/rizzoli-and-isles" target="_blank">Rizzoli and Isles</a><br />
<a href="/posts/series/roadies" target="_blank">Roadies</a><br />
<a href="/posts/series/rob" target="_blank">Rob</a><br />
<a href="/posts/series/rogue-2013" target="_blank">Rogue (2013)</a><br />
<a href="/posts/series/rookie-blue" target="_blank">Rookie Blue</a><br />
<a href="/posts/series/room-9" target="_blank">Room 9</a><br />
<a href="/posts/series/room-at-the-top-miniseries" target="_blank">Room At The Top [Miniseries]</a><br />
<a href="/posts/series/roots-miniseries" target="_blank">Roots [Miniseries]</a><br />
<a href="/posts/series/rosemarys-baby-miniseries" target="_blank">Rosemarys Baby [Miniseries]</a><br />
<a href="/posts/series/rosewood" target="_blank">Rosewood</a><br />
<a href="/posts/series/rovers" target="_blank">Rovers</a><br />
<a href="/posts/series/royal-pains" target="_blank">Royal Pains</a><br />
<a href="/posts/series/rules-of-engagement" target="_blank">Rules Of Engagement</a><br />
<a href="/posts/series/run" target="_blank">Run</a><br />
<a href="/posts/series/rush-2014" target="_blank">Rush (2014)</a><br />
<a href="/posts/series/rush-hour-us-2016" target="_blank">Rush Hour (US) 2016</a><br />
<a href="/posts/series/saf3" target="_blank">SAF3</a><br />
<a href="/posts/series/safe-house" target="_blank">Safe House</a><br />
<a href="/posts/series/saint-george" target="_blank">Saint George</a><br />
<a href="/posts/series/saints-and-strangers-miniseries" target="_blank">Saints and Strangers [Miniseries]</a><br />
<a href="/posts/series/salem" target="_blank">Salem</a><br />
<a href="/posts/series/sam-and-cat" target="_blank">Sam and Cat</a><br />
<a href="/posts/series/satisfaction-ca" target="_blank">Satisfaction (CA)</a><br />
<a href="/posts/series/satisfaction-us" target="_blank">Satisfaction (US)</a><br />
<a href="/posts/series/save-me" target="_blank">Save Me</a><br />
<a href="/posts/series/saving-hope" target="_blank">Saving Hope</a><br />
<a href="/posts/series/scandal-us" target="_blank">Scandal (US)</a><br />
<a href="/posts/series/schitts-creek" target="_blank">Schitts Creek</a><br />
<a href="/posts/series/school-of-rock" target="_blank">School Of Rock</a><br />
<a href="/posts/series/school-of-thrones-webseries" target="_blank">School Of Thrones (Webseries)</a><br />
<a href="/posts/series/scorpion" target="_blank">Scorpion</a><br />
<a href="/posts/series/scott-and-bailey" target="_blank">Scott and Bailey</a><br />
<a href="/posts/series/scream-queens-2015" target="_blank">Scream Queens (2015)</a><br />
<a href="/posts/series/scream-the-tv-series" target="_blank">Scream: The TV Series</a><br />
<a href="/posts/series/scrotal-recall" target="_blank">Scrotal Recall</a><br />
<a href="/posts/series/sean-saves-the-world" target="_blank">Sean Saves The World</a><br />
<a href="/posts/series/second-chance-2016" target="_blank">Second Chance (2016)</a><br />
<a href="/posts/series/second-generation-wayans" target="_blank">Second Generation Wayans</a><br />
<a href="/posts/series/secret-city" target="_blank">Secret City</a><br />
<a href="/posts/series/secret-state" target="_blank">Secret State</a><br />
<a href="/posts/series/secrets-and-lies" target="_blank">Secrets and Lies</a><br />
<a href="/posts/series/secrets-and-lies-us" target="_blank">Secrets and Lies (US)</a><br />
<a href="/posts/series/see-dad-run" target="_blank">See Dad Run</a><br />
<a href="/posts/series/seed" target="_blank">Seed</a><br />
<a href="/posts/series/selfie" target="_blank">Selfie</a><br />
<a href="/posts/series/sense8" target="_blank">Sense8</a><br />
<a href="/posts/series/sensitive-skin-ca" target="_blank">Sensitive Skin (CA)</a><br />
<a href="/posts/series/serangoon-road" target="_blank">Serangoon Road</a><br />
<a href="/posts/series/serial-thriller-the-head-hunter-miniseries" target="_blank">Serial Thriller The Head Hunter [Miniseries]</a><br />
<a href="/posts/series/sex-and-drugs-and-rock-and-roll" target="_blank">Sex And Drugs And Rock And Roll</a><br />
<a href="/posts/series/sexy-murder" target="_blank">Sexy Murder</a><br />
<a href="/posts/series/shades-of-blue" target="_blank">Shades Of Blue</a><br />
<a href="/posts/series/shadowhunters" target="_blank">Shadowhunters</a><br />
<a href="/posts/series/shameless-uk" target="_blank">Shameless (UK)</a><br />
<a href="/posts/series/shameless-us" target="_blank">Shameless (US)</a><br />
<a href="/posts/series/sherlock" target="_blank">Sherlock</a><br />
<a href="/posts/series/shetland" target="_blank">Shetland</a><br />
<a href="/posts/series/shoot-the-messenger" target="_blank">Shoot The Messenger</a><br />
<a href="/posts/series/show-me-a-hero" target="_blank">Show Me A Hero</a><br />
<a href="/posts/series/siberia" target="_blank">Siberia</a><br />
<a href="/posts/series/siblings" target="_blank">Siblings</a><br />
<a href="/posts/series/signed-sealed-delivered" target="_blank">Signed, Sealed, Delivered</a><br />
<a href="/posts/series/significant-mother" target="_blank">Significant Mother</a><br />
<a href="/posts/series/silent-witness" target="_blank">Silent Witness</a><br />
<a href="/posts/series/silicon-valley" target="_blank">Silicon Valley</a><br />
<a href="/posts/series/silk" target="_blank">Silk</a><br />
<a href="/posts/series/sin-city-saints" target="_blank">Sin City Saints</a><br />
<a href="/posts/series/sinbad" target="_blank">Sinbad</a><br />
<a href="/posts/series/single-ladies" target="_blank">Single Ladies</a><br />
<a href="/posts/series/sirens-2014" target="_blank">Sirens (2014)</a><br />
<a href="/posts/series/skins" target="_blank">Skins</a><br />
<a href="/posts/series/slasher" target="_blank">Slasher</a><br />
<a href="/posts/series/sleepy-hollow" target="_blank">Sleepy Hollow</a><br />
<a href="/posts/series/smash" target="_blank">Smash</a><br />
<a href="/posts/series/sneaky-pete" target="_blank">Sneaky Pete</a><br />
<a href="/posts/series/some-girls" target="_blank">Some Girls</a><br />
<a href="/posts/series/son-of-zorn" target="_blank">Son Of Zorn</a><br />
<a href="/posts/series/sons-of-anarchy" target="_blank">Sons Of Anarchy</a><br />
<a href="/posts/series/sons-of-liberty-miniseries" target="_blank">Sons Of Liberty [Miniseries]</a><br />
<a href="/posts/series/south-of-hell" target="_blank">South Of Hell</a><br />
<a href="/posts/series/southcliffe" target="_blank">Southcliffe</a><br />
<a href="/posts/series/southland" target="_blank">Southland</a><br />
<a href="/posts/series/spartacus-vengeance" target="_blank">Spartacus: Vengeance</a><br />
<a href="/posts/series/spartacus-war-of-the-damned" target="_blank">Spartacus: War Of The Damned</a><br />
<a href="/posts/series/speechless" target="_blank">Speechless</a><br />
<a href="/posts/series/spun-out" target="_blank">Spun Out</a><br />
<a href="/posts/series/spy" target="_blank">Spy</a><br />
<a href="/posts/series/stag" target="_blank">Stag</a><br />
<a href="/posts/series/stalker" target="_blank">Stalker</a><br />
<a href="/posts/series/stan-lees-lucky-man" target="_blank">Stan Lees Lucky Man</a><br />
<a href="/posts/series/star-crossed" target="_blank">Star Crossed</a><br />
<a href="/posts/series/starlings" target="_blank">Starlings</a><br />
<a href="/posts/series/state-of-affairs" target="_blank">State Of Affairs</a><br />
<a href="/posts/series/stella-uk" target="_blank">Stella (UK)</a><br />
<a href="/posts/series/stevie-tv" target="_blank">Stevie TV</a><br />
<a href="/posts/series/still-game" target="_blank">Still Game</a><br />
<a href="/posts/series/still-open-all-hours" target="_blank">Still Open All Hours</a><br />
<a href="/posts/series/still-the-king" target="_blank">Still The King</a><br />
<a href="/posts/series/stitchers" target="_blank">Stitchers</a><br />
<a href="/posts/series/stonemouth-miniseries" target="_blank">Stonemouth [Miniseries]</a><br />
<a href="/posts/series/stranded" target="_blank">Stranded</a><br />
<a href="/posts/series/strange-empire" target="_blank">Strange Empire</a><br />
<a href="/posts/series/strange-love-2015" target="_blank">Strange Love (2015)</a><br />
<a href="/posts/series/stranger-things" target="_blank">Stranger Things</a><br />
<a href="/posts/series/strike-back" target="_blank">Strike Back</a><br />
<a href="/posts/series/stuck-in-the-middle" target="_blank">Stuck In The Middle</a><br />
<a href="/posts/series/suburgatory" target="_blank">Suburgatory</a><br />
<a href="/posts/series/suits" target="_blank">Suits</a><br />
<a href="/posts/series/sullivan-and-son" target="_blank">Sullivan And Son</a><br />
<a href="/posts/series/sunnyside" target="_blank">Sunnyside</a><br />
<a href="/posts/series/suntrap" target="_blank">Suntrap</a><br />
<a href="/posts/series/super-clyde" target="_blank">Super Clyde</a><br />
<a href="/posts/series/super-fun-night" target="_blank">Super Fun Night</a><br />
<a href="/posts/series/supergirl" target="_blank">Supergirl</a><br />
<a href="/posts/series/supernatural" target="_blank">Supernatural</a><br />
<a href="/posts/series/superstore" target="_blank">Superstore</a><br />
<a href="/posts/series/surviving-jack" target="_blank">Surviving Jack</a><br />
<a href="/posts/series/survivors-remorse" target="_blank">Survivors Remorse</a><br />
<a href="/posts/series/suspects" target="_blank">Suspects</a><br />
<a href="/posts/series/switch-uk" target="_blank">Switch (UK)</a><br />
<a href="/posts/series/switched-at-birth" target="_blank">Switched At Birth</a><br />
<a href="/posts/series/syndicate-uk" target="_blank">Syndicate (UK)</a><br />
<a href="/posts/series/talia-in-the-kitchen" target="_blank">Talia In The Kitchen</a><br />
<a href="/posts/series/talking-to-the-dead" target="_blank">Talking To The Dead</a><br />
<a href="/posts/series/tatau" target="_blank">Tatau</a><br />
<a href="/posts/series/taxi-brooklyn" target="_blank">Taxi Brooklyn</a><br />
<a href="/posts/series/teachers-2016" target="_blank">Teachers (2016)</a><br />
<a href="/posts/series/teen-wolf" target="_blank">Teen Wolf</a><br />
<a href="/posts/series/teenage-mutant-ninja-turtles-2012" target="_blank">Teenage Mutant Ninja Turtles 2012</a><br />
<a href="/posts/series/telenovela" target="_blank">Telenovela</a><br />
<a href="/posts/series/texas-rising" target="_blank">Texas Rising</a><br />
<a href="/posts/series/the-100" target="_blank">The 100</a><br />
<a href="/posts/series/the-206" target="_blank">The 206</a><br />
<a href="/posts/series/the-7-39-miniseries" target="_blank">The 7.39 [Miniseries]</a><br />
<a href="/posts/series/the-a-word" target="_blank">The A Word</a><br />
<a href="/posts/series/the-affair" target="_blank">The Affair</a><br />
<a href="/posts/series/the-after" target="_blank">The After</a><br />
<a href="/posts/series/the-aliens" target="_blank">The Aliens</a><br />
<a href="/posts/series/the-almighty-johnsons" target="_blank">The Almighty Johnsons</a><br />
<a href="/posts/series/the-american-west-miniseries" target="_blank">The American West [Miniseries]</a><br />
<a href="/posts/series/the-americans" target="_blank">The Americans</a><br />
<a href="/posts/series/the-art-of-more" target="_blank">The Art Of More</a><br />
<a href="/posts/series/the-assets" target="_blank">The Assets</a><br />
<a href="/posts/series/the-astronaut-wives-club" target="_blank">The Astronaut Wives Club</a><br />
<a href="/posts/series/the-bastard-executioner" target="_blank">The Bastard Executioner</a><br />
<a href="/posts/series/the-beautiful-lie" target="_blank">The Beautiful Lie</a><br />
<a href="/posts/series/the-ben-show" target="_blank">The Ben Show</a><br />
<a href="/posts/series/the-best-laid-plans" target="_blank">The Best Laid Plans</a><br />
<a href="/posts/series/the-bible-miniseries" target="_blank">The Bible [Miniseries]</a><br />
<a href="/posts/series/the-big-bang-theory" target="_blank">The Big Bang Theory</a><br />
<a href="/posts/series/the-big-c" target="_blank">The Big C</a><br />
<a href="/posts/series/the-birthday-boys" target="_blank">The Birthday Boys</a><br />
<a href="/posts/series/the-blackheath-poisonings-miniseries" target="_blank">The Blackheath Poisonings [Miniseries]</a><br />
<a href="/posts/series/the-blacklist" target="_blank">The Blacklist</a><br />
<a href="/posts/series/the-bletchley-circle" target="_blank">The Bletchley Circle</a><br />
<a href="/posts/series/the-blue-rose" target="_blank">The Blue Rose</a><br />
<a href="/posts/series/the-book-of-negroes" target="_blank">The Book Of Negroes</a><br />
<a href="/posts/series/the-booth-at-the-end" target="_blank">The Booth At The End</a><br />
<a href="/posts/series/the-borgias" target="_blank">The Borgias</a><br />
<a href="/posts/series/the-bridge-us" target="_blank">The Bridge (US)</a><br />
<a href="/posts/series/the-brink" target="_blank">The Brink</a><br />
<a href="/posts/series/the-burn" target="_blank">The Burn</a><br />
<a href="/posts/series/the-cafe" target="_blank">The Cafe</a><br />
<a href="/posts/series/the-carmichael-show" target="_blank">The Carmichael Show</a><br />
<a href="/posts/series/the-carrie-diaries" target="_blank">The Carrie Diaries</a><br />
<a href="/posts/series/the-casual-vacancy" target="_blank">The Casual Vacancy</a><br />
<a href="/posts/series/the-catch-us" target="_blank">The Catch (US)</a><br />
<a href="/posts/series/the-client-list" target="_blank">The Client List</a><br />
<a href="/posts/series/the-closer" target="_blank">The Closer</a><br />
<a href="/posts/series/the-code-au" target="_blank">The Code (AU)</a><br />
<a href="/posts/series/the-collection-miniseries" target="_blank">The Collection [Miniseries]</a><br />
<a href="/posts/series/the-comeback" target="_blank">The Comeback</a><br />
<a href="/posts/series/the-comedians-us" target="_blank">The Comedians (US)</a><br />
<a href="/posts/series/the-coroner" target="_blank">The Coroner</a><br />
<a href="/posts/series/the-crash-miniseries" target="_blank">The Crash [Miniseries]</a><br />
<a href="/posts/series/the-crazy-ones" target="_blank">The Crazy Ones</a><br />
<a href="/posts/series/the-crimson-field" target="_blank">The Crimson Field</a><br />
<a href="/posts/series/the-cul-de-sac" target="_blank">The Cul De Sac</a><br />
<a href="/posts/series/the-delivery-man" target="_blank">The Delivery Man</a><br />
<a href="/posts/series/the-detour" target="_blank">The Detour</a><br />
<a href="/posts/series/the-divide" target="_blank">The Divide</a><br />
<a href="/posts/series/the-doctor-blake-mysteries" target="_blank">The Doctor Blake Mysteries</a><br />
<a href="/posts/series/the-dovekeepers-miniseries" target="_blank">The Dovekeepers [Miniseries]</a><br />
<a href="/posts/series/the-driver" target="_blank">The Driver</a><br />
<a href="/posts/series/the-durrells" target="_blank">The Durrells</a><br />
<a href="/posts/series/the-enfield-haunting" target="_blank">The Enfield Haunting</a><br />
<a href="/posts/series/the-escape-artist-miniseries" target="_blank">The Escape Artist [Miniseries]</a><br />
<a href="/posts/series/the-exes" target="_blank">The Exes</a><br />
<a href="/posts/series/the-exorcist" target="_blank">The Exorcist</a><br />
<a href="/posts/series/the-expanse" target="_blank">The Expanse</a><br />
<a href="/posts/series/the-fall" target="_blank">The Fall</a><br />
<a href="/posts/series/the-family" target="_blank">The Family</a><br />
<a href="/posts/series/the-fear" target="_blank">The Fear</a><br />
<a href="/posts/series/the-field-of-blood-miniseries" target="_blank">The Field Of Blood [Miniseries]</a><br />
<a href="/posts/series/the-finder" target="_blank">The Finder</a><br />
<a href="/posts/series/the-firm" target="_blank">The Firm</a><br />
<a href="/posts/series/the-five-uk" target="_blank">The Five (UK)</a><br />
<a href="/posts/series/the-flash-2014" target="_blank">The Flash (2014)</a><br />
<a href="/posts/series/the-following" target="_blank">The Following</a><br />
<a href="/posts/series/the-fosters-2013" target="_blank">The Fosters (2013)</a><br />
<a href="/posts/series/the-frankenstein-chronicles" target="_blank">The Frankenstein Chronicles</a><br />
<a href="/posts/series/the-game" target="_blank">The Game</a><br />
<a href="/posts/series/the-game-uk" target="_blank">The Game (UK)</a><br />
<a href="/posts/series/the-get-down" target="_blank">The Get Down</a><br />
<a href="/posts/series/the-ginge-the-geordie-and-the-geek" target="_blank">The Ginge, The Geordie and the Geek</a><br />
<a href="/posts/series/the-girlfriend-experience" target="_blank">The Girlfriend Experience</a><br />
<a href="/posts/series/the-glades" target="_blank">The Glades</a><br />
<a href="/posts/series/the-godfather-a-novel-for-television-1977-uncensored-extended" target="_blank">The Godfather: A Novel for Television  1977 (Uncensored Extended) [Miniseries]</a><br />
<a href="/posts/series/the-gods-of-wheat-street" target="_blank">The Gods Of Wheat Street</a><br />
<a href="/posts/series/the-goldbergs-2013" target="_blank">The Goldbergs (2013)</a><br />
<a href="/posts/series/the-good-place" target="_blank">The Good Place</a><br />
<a href="/posts/series/the-good-wife" target="_blank">The Good Wife</a><br />
<a href="/posts/series/the-goodwin-games" target="_blank">The Goodwin Games</a><br />
<a href="/posts/series/the-great-fire" target="_blank">The Great Fire</a><br />
<a href="/posts/series/the-great-indoors" target="_blank">The Great Indoors</a><br />
<a href="/posts/series/the-great-train-robbery-miniseries" target="_blank">The Great Train Robbery [Miniseries]</a><br />
<a href="/posts/series/the-grinder" target="_blank">The Grinder</a><br />
<a href="/posts/series/the-guilty" target="_blank">The Guilty</a><br />
<a href="/posts/series/the-haunted-hathaways" target="_blank">The Haunted Hathaways</a><br />
<a href="/posts/series/the-haves-and-the-have-nots" target="_blank">The Haves And The Have Nots</a><br />
<a href="/posts/series/the-heart-she-holler" target="_blank">The Heart She Holler</a><br />
<a href="/posts/series/the-hills" target="_blank">The Hills</a><br />
<a href="/posts/series/the-hollow-crown" target="_blank">The Hollow Crown</a><br />
<a href="/posts/series/the-honourable-woman" target="_blank">The Honourable Woman</a><br />
<a href="/posts/series/the-hour-uk" target="_blank">The Hour (UK)</a><br />
<a href="/posts/series/the-house-of-hancock-miniseries" target="_blank">The House Of Hancock [Miniseries]</a><br />
<a href="/posts/series/the-ice-cream-girls-miniseries" target="_blank">The Ice Cream Girls [Miniseries]</a><br />
<a href="/posts/series/the-inbetweeners-us" target="_blank">The Inbetweeners (US)</a><br />
<a href="/posts/series/the-indian-doctor" target="_blank">The Indian Doctor</a><br />
<a href="/posts/series/the-interceptor" target="_blank">The Interceptor</a><br />
<a href="/posts/series/the-it-crowd" target="_blank">The It Crowd</a><br />
<a href="/posts/series/the-jack-and-triumph-show" target="_blank">The Jack and Triumph Show</a><br />
<a href="/posts/series/the-jim-gaffigan-show" target="_blank">The Jim Gaffigan Show</a><br />
<a href="/posts/series/the-job-lot" target="_blank">The Job Lot</a><br />
<a href="/posts/series/the-kennedys-uk" target="_blank">The Kennedys (UK)</a><br />
<a href="/posts/series/the-kettering-incident" target="_blank">The Kettering Incident</a><br />
<a href="/posts/series/the-killing" target="_blank">The Killing</a><br />
<a href="/posts/series/the-knick" target="_blank">The Knick</a><br />
<a href="/posts/series/the-l-a-complex" target="_blank">The L.A. Complex</a><br />
<a href="/posts/series/the-last-kingdom" target="_blank">The Last Kingdom</a><br />
<a href="/posts/series/the-last-man-on-earth" target="_blank">The Last Man On Earth</a><br />
<a href="/posts/series/the-last-ship" target="_blank">The Last Ship</a><br />
<a href="/posts/series/the-last-weekend" target="_blank">The Last Weekend</a><br />
<a href="/posts/series/the-league" target="_blank">The League</a><br />
<a href="/posts/series/the-leftovers" target="_blank">The Leftovers</a><br />
<a href="/posts/series/the-level" target="_blank">The Level</a><br />
<a href="/posts/series/the-librarians-us" target="_blank">The Librarians (US)</a><br />
<a href="/posts/series/the-listener" target="_blank">The Listener</a><br />
<a href="/posts/series/the-living-and-the-dead" target="_blank">The Living And The Dead</a><br />
<a href="/posts/series/the-lizzie-borden-chronicles" target="_blank">The Lizzie Borden Chronicles</a><br />
<a href="/posts/series/the-lost-honour-of-christopher-jefferies-miniseries" target="_blank">The Lost Honour Of Christopher Jefferies [Miniseries]</a><br />
<a href="/posts/series/the-lottery" target="_blank">The Lottery</a><br />
<a href="/posts/series/the-lying-game" target="_blank">The Lying Game</a><br />
<a href="/posts/series/the-magicians-us" target="_blank">The Magicians (US)</a><br />
<a href="/posts/series/the-making-of-the-mob-new-york-miniseries" target="_blank">The Making Of The Mob New York [Miniseries]</a><br />
<a href="/posts/series/the-man-in-the-high-castle" target="_blank">The Man In The High Castle</a><br />
<a href="/posts/series/the-mccarthys" target="_blank">The Mccarthys</a><br />
<a href="/posts/series/the-mentalist" target="_blank">The Mentalist</a><br />
<a href="/posts/series/the-messengers" target="_blank">The Messengers</a><br />
<a href="/posts/series/the-michael-j-fox-show" target="_blank">The Michael J. Fox Show</a><br />
<a href="/posts/series/the-middle" target="_blank">The Middle</a><br />
<a href="/posts/series/the-midnight-beast" target="_blank">The Midnight Beast</a><br />
<a href="/posts/series/the-mill" target="_blank">The Mill</a><br />
<a href="/posts/series/the-millers" target="_blank">The Millers</a><br />
<a href="/posts/series/the-mimic" target="_blank">The Mimic</a><br />
<a href="/posts/series/the-mindy-project" target="_blank">The Mindy Project</a><br />
<a href="/posts/series/the-missing" target="_blank">The Missing</a><br />
<a href="/posts/series/the-mob-doctor" target="_blank">The Mob Doctor</a><br />
<a href="/posts/series/the-moodys" target="_blank">The Moodys</a><br />
<a href="/posts/series/the-moonstone-2016" target="_blank">The Moonstone (2016)</a><br />
<a href="/posts/series/the-muppets" target="_blank">The Muppets</a><br />
<a href="/posts/series/the-musketeers" target="_blank">The Musketeers</a><br />
<a href="/posts/series/the-mysteries-of-laura" target="_blank">The Mysteries Of Laura</a><br />
<a href="/posts/series/the-neighbors" target="_blank">The Neighbors</a><br />
<a href="/posts/series/the-new-normal" target="_blank">The New Normal</a><br />
<a href="/posts/series/the-newsroom" target="_blank">The Newsroom</a><br />
<a href="/posts/series/the-night-manager" target="_blank">The Night Manager</a><br />
<a href="/posts/series/the-night-of-miniseries" target="_blank">The Night Of [Miniseries]</a><br />
<a href="/posts/series/the-night-shift" target="_blank">The Night Shift</a><br />
<a href="/posts/series/the-nightmare-worlds-of-h-g-wells-miniseries" target="_blank">The Nightmare Worlds of H.G. Wells [Miniseries]</a><br />
<a href="/posts/series/the-odd-couple-2015" target="_blank">The Odd Couple (2015)</a><br />
<a href="/posts/series/the-office-us" target="_blank">The Office (US)</a><br />
<a href="/posts/series/the-originals" target="_blank">The Originals</a><br />
<a href="/posts/series/the-other-kingdom" target="_blank">The Other Kingdom</a><br />
<a href="/posts/series/the-outcast" target="_blank">The Outcast</a><br />
<a href="/posts/series/the-paradise" target="_blank">The Paradise</a><br />
<a href="/posts/series/the-passing-bells" target="_blank">The Passing Bells</a><br />
<a href="/posts/series/the-path" target="_blank">The Path</a><br />
<a href="/posts/series/the-player-2015" target="_blank">The Player (2015)</a><br />
<a href="/posts/series/the-poison-tree-miniseries" target="_blank">The Poison Tree [Miniseries]</a><br />
<a href="/posts/series/the-politicians-husband" target="_blank">The Politicians Husband</a><br />
<a href="/posts/series/the-principal" target="_blank">The Principal</a><br />
<a href="/posts/series/the-real-oneals" target="_blank">The Real Oneals</a><br />
<a href="/posts/series/the-rebels" target="_blank">The Rebels</a><br />
<a href="/posts/series/the-red-road" target="_blank">The Red Road</a><br />
<a href="/posts/series/the-red-tent-miniseries" target="_blank">The Red Tent [Miniseries]</a><br />
<a href="/posts/series/the-returned-us" target="_blank">The Returned (US)</a><br />
<a href="/posts/series/the-rickey-smiley-show" target="_blank">The Rickey Smiley Show</a><br />
<a href="/posts/series/the-river" target="_blank">The River</a><br />
<a href="/posts/series/the-romeo-section" target="_blank">The Romeo Section</a><br />
<a href="/posts/series/the-royals-2015" target="_blank">The Royals (2015)</a><br />
<a href="/posts/series/the-royle-family" target="_blank">The Royle Family</a><br />
<a href="/posts/series/the-secret-2016" target="_blank">The Secret (2016)</a><br />
<a href="/posts/series/the-secret-agent-2016" target="_blank">The Secret Agent (2016)</a><br />
<a href="/posts/series/the-secret-circle" target="_blank">The Secret Circle</a><br />
<a href="/posts/series/the-secret-daughter" target="_blank">The Secret Daughter</a><br />
<a href="/posts/series/the-secret-of-crickley-hall-miniseries" target="_blank">The Secret Of Crickley Hall [Miniseries]</a><br />
<a href="/posts/series/the-secret-river-miniseries" target="_blank">The Secret River [Miniseries]</a><br />
<a href="/posts/series/the-secrets" target="_blank">The Secrets</a><br />
<a href="/posts/series/the-shannara-chronicles" target="_blank">The Shannara Chronicles</a><br />
<a href="/posts/series/the-slap-us" target="_blank">The Slap (US)</a><br />
<a href="/posts/series/the-smoke" target="_blank">The Smoke</a><br />
<a href="/posts/series/the-soul-man" target="_blank">The Soul Man</a><br />
<a href="/posts/series/the-spa" target="_blank">The Spa</a><br />
<a href="/posts/series/the-spies-of-warsaw-miniseries" target="_blank">The Spies Of Warsaw [Miniseries]</a><br />
<a href="/posts/series/the-spoils-before-dying" target="_blank">The Spoils Before Dying</a><br />
<a href="/posts/series/the-spoils-of-babylon-miniseries" target="_blank">The Spoils Of Babylon [Miniseries]</a><br />
<a href="/posts/series/the-strain" target="_blank">The Strain</a><br />
<a href="/posts/series/the-suspicions-of-mr-whicher-miniseries" target="_blank">The Suspicions Of Mr Whicher [Miniseries]</a><br />
<a href="/posts/series/the-thick-of-it" target="_blank">The Thick Of It</a><br />
<a href="/posts/series/the-thundermans" target="_blank">The Thundermans</a><br />
<a href="/posts/series/the-time-of-our-lives" target="_blank">The Time Of Our Lives</a><br />
<a href="/posts/series/the-tomorrow-people" target="_blank">The Tomorrow People</a><br />
<a href="/posts/series/the-town-miniseries" target="_blank">The Town [Miniseries]</a><br />
<a href="/posts/series/the-trip-to-italy" target="_blank">The Trip To Italy</a><br />
<a href="/posts/series/the-tunnel" target="_blank">The Tunnel</a><br />
<a href="/posts/series/the-vampire-diaries" target="_blank">The Vampire Diaries</a><br />
<a href="/posts/series/the-village" target="_blank">The Village</a><br />
<a href="/posts/series/the-walking-dead" target="_blank">The Walking Dead</a><br />
<a href="/posts/series/the-walshes" target="_blank">The Walshes</a><br />
<a href="/posts/series/the-whispers" target="_blank">The Whispers</a><br />
<a href="/posts/series/the-white-queen" target="_blank">The White Queen</a><br />
<a href="/posts/series/the-widower-miniseries" target="_blank">The Widower [Miniseries]</a><br />
<a href="/posts/series/the-wire" target="_blank">The Wire</a><br />
<a href="/posts/series/the-wizards-of-aus" target="_blank">The Wizards Of Aus</a><br />
<a href="/posts/series/the-wright-way" target="_blank">The Wright Way</a><br />
<a href="/posts/series/the-wrong-girl" target="_blank">The Wrong Girl</a><br />
<a href="/posts/series/the-wrong-mans" target="_blank">The Wrong Mans</a><br />
<a href="/posts/series/the-x-files" target="_blank">The X-Files</a><br />
<a href="/posts/series/thirteen" target="_blank">Thirteen</a><br />
<a href="/posts/series/this-is-england-90" target="_blank">This Is England '90</a><br />
<a href="/posts/series/this-is-jinsy" target="_blank">This Is Jinsy</a><br />
<a href="/posts/series/this-is-littlton" target="_blank">This Is Littlton</a><br />
<a href="/posts/series/this-is-us" target="_blank">This Is Us</a><br />
<a href="/posts/series/this-life-ca" target="_blank">This Life (CA)</a><br />
<a href="/posts/series/those-who-kill-us" target="_blank">Those Who Kill Us</a><br />
<a href="/posts/series/threesome" target="_blank">Threesome</a><br />
<a href="/posts/series/ties-that-bind" target="_blank">Ties That Bind</a><br />
<a href="/posts/series/time-traveling-bong-miniseries" target="_blank">Time Traveling Bong [Miniseries]</a><br />
<a href="/posts/series/timeless" target="_blank">Timeless</a><br />
<a href="/posts/series/timothy" target="_blank">Timothy</a><br />
<a href="/posts/series/titanic-blood-and-steel" target="_blank">Titanic Blood And Steel</a><br />
<a href="/posts/series/toast-of-london" target="_blank">Toast Of London</a><br />
<a href="/posts/series/together" target="_blank">Together</a><br />
<a href="/posts/series/togetherness" target="_blank">Togetherness</a><br />
<a href="/posts/series/tomorrow-when-the-war-began" target="_blank">Tomorrow When The War Began</a><br />
<a href="/posts/series/top-boy" target="_blank">Top Boy</a><br />
<a href="/posts/series/top-coppers" target="_blank">Top Coppers</a><br />
<a href="/posts/series/top-of-the-lake" target="_blank">Top Of The Lake</a><br />
<a href="/posts/series/touch" target="_blank">Touch</a><br />
<a href="/posts/series/tracey-ullmans-show" target="_blank">Tracey Ullmans Show</a><br />
<a href="/posts/series/trailer-park-boys" target="_blank">Trailer Park Boys</a><br />
<a href="/posts/series/transparent" target="_blank">Transparent</a><br />
<a href="/posts/series/transporter-the-series" target="_blank">Transporter: The Series</a><br />
<a href="/posts/series/travelers-2016" target="_blank">Travelers (2016)</a><br />
<a href="/posts/series/treme" target="_blank">Treme</a><br />
<a href="/posts/series/trials-of-jimmy-rose" target="_blank">Trials Of Jimmy Rose</a><br />
<a href="/posts/series/tripped" target="_blank">Tripped</a><br />
<a href="/posts/series/trollied" target="_blank">Trollied</a><br />
<a href="/posts/series/trophy-wife" target="_blank">Trophy Wife</a><br />
<a href="/posts/series/truckers-2013" target="_blank">Truckers (2013)</a><br />
<a href="/posts/series/true-blood" target="_blank">True Blood</a><br />
<a href="/posts/series/true-detective" target="_blank">True Detective</a><br />
<a href="/posts/series/true-love" target="_blank">True Love</a><br />
<a href="/posts/series/truth-be-told" target="_blank">Truth Be Told</a><br />
<a href="/posts/series/trying-again" target="_blank">Trying Again</a><br />
<a href="/posts/series/turks-and-caicos" target="_blank">Turks And Caicos</a><br />
<a href="/posts/series/turn" target="_blank">Turn</a><br />
<a href="/posts/series/tut" target="_blank">Tut</a><br />
<a href="/posts/series/tutankhamun" target="_blank">Tutankhamun</a><br />
<a href="/posts/series/twisted" target="_blank">Twisted</a><br />
<a href="/posts/series/two-and-a-half-men" target="_blank">Two And A Half Men</a><br />
<a href="/posts/series/two-doors-down" target="_blank">Two Doors Down</a><br />
<a href="/posts/series/tyrant" target="_blank">Tyrant</a><br />
<a href="/posts/series/unbreakable-kimmy-schmidt" target="_blank">Unbreakable Kimmy Schmidt</a><br />
<a href="/posts/series/uncle" target="_blank">Uncle</a><br />
<a href="/posts/series/undateable-2014" target="_blank">Undateable (2014)</a><br />
<a href="/posts/series/undeniable" target="_blank">Undeniable</a><br />
<a href="/posts/series/under-the-dome" target="_blank">Under The Dome</a><br />
<a href="/posts/series/underbelly-squizzy" target="_blank">Underbelly Squizzy</a><br />
<a href="/posts/series/undercover" target="_blank">Undercover</a><br />
<a href="/posts/series/undercover-2016" target="_blank">Undercover (2016)</a><br />
<a href="/posts/series/underemployed" target="_blank">Underemployed</a><br />
<a href="/posts/series/underground" target="_blank">Underground</a><br />
<a href="/posts/series/unforgettable" target="_blank">Unforgettable</a><br />
<a href="/posts/series/unforgotten" target="_blank">Unforgotten</a><br />
<a href="/posts/series/unreal" target="_blank">Unreal</a><br />
<a href="/posts/series/up-all-night" target="_blank">Up All Night</a><br />
<a href="/posts/series/up-the-women" target="_blank">Up The Women</a><br />
<a href="/posts/series/upper-middle-bogan" target="_blank">Upper Middle Bogan</a><br />
<a href="/posts/series/upstart-crow" target="_blank">Upstart Crow</a><br />
<a href="/posts/series/utopia" target="_blank">Utopia</a><br />
<a href="/posts/series/utopia-au" target="_blank">Utopia (AU)</a><br />
<a href="/posts/series/van-helsing" target="_blank">Van Helsing</a><br />
<a href="/posts/series/veep" target="_blank">Veep</a><br />
<a href="/posts/series/vegas" target="_blank">Vegas</a><br />
<a href="/posts/series/vera" target="_blank">Vera</a><br />
<a href="/posts/series/vexed" target="_blank">Vexed</a><br />
<a href="/posts/series/vice-principals" target="_blank">Vice Principals</a><br />
<a href="/posts/series/vicious" target="_blank">Vicious</a><br />
<a href="/posts/series/victoria" target="_blank">Victoria</a><br />
<a href="/posts/series/victorious" target="_blank">Victorious</a><br />
<a href="/posts/series/vikings" target="_blank">Vikings</a><br />
<a href="/posts/series/vinyl" target="_blank">Vinyl</a><br />
<a href="/posts/series/w-i-t-s-academy" target="_blank">W.I.T.s Academy</a><br />
<a href="/posts/series/w-bob-and-david" target="_blank">W/ Bob and David</a><br />
<a href="/posts/series/w1a" target="_blank">W1A</a><br />
<a href="/posts/series/wallander" target="_blank">Wallander</a><br />
<a href="/posts/series/wanted-au-2016" target="_blank">Wanted (AU) 2016</a><br />
<a href="/posts/series/war-and-peace-2016" target="_blank">War And Peace (2016)</a><br />
<a href="/posts/series/warehouse-13" target="_blank">Warehouse 13</a><br />
<a href="/posts/series/wasted" target="_blank">Wasted</a><br />
<a href="/posts/series/waterloo-road" target="_blank">Waterloo Road</a><br />
<a href="/posts/series/watson-and-oliver" target="_blank">Watson And Oliver</a><br />
<a href="/posts/series/way-to-go" target="_blank">Way To Go</a><br />
<a href="/posts/series/wayward-pines" target="_blank">Wayward Pines</a><br />
<a href="/posts/series/we-are-men" target="_blank">We are Men</a><br />
<a href="/posts/series/wedding-band" target="_blank">Wedding Band</a><br />
<a href="/posts/series/weeds" target="_blank">Weeds</a><br />
<a href="/posts/series/weird-loners" target="_blank">Weird Loners</a><br />
<a href="/posts/series/welcome-to-sweden" target="_blank">Welcome To Sweden</a><br />
<a href="/posts/series/welcome-to-the-family" target="_blank">Welcome To The Family</a><br />
<a href="/posts/series/wendell-and-vinnie" target="_blank">Wendell And Vinnie</a><br />
<a href="/posts/series/wentworth" target="_blank">Wentworth</a><br />
<a href="/posts/series/westside" target="_blank">Westside</a><br />
<a href="/posts/series/westworld" target="_blank">Westworld</a><br />
<a href="/posts/series/wet-hot-american-summer" target="_blank">Wet Hot American Summer</a><br />
<a href="/posts/series/what-remains" target="_blank">What Remains</a><br />
<a href="/posts/series/when-calls-the-heart" target="_blank">When Calls The Heart</a><br />
<a href="/posts/series/white-collar" target="_blank">White Collar</a><br />
<a href="/posts/series/whitechapel" target="_blank">Whitechapel</a><br />
<a href="/posts/series/whitney" target="_blank">Whitney</a><br />
<a href="/posts/series/wicked-city" target="_blank">Wicked City</a><br />
<a href="/posts/series/wild-at-heart" target="_blank">Wild At Heart</a><br />
<a href="/posts/series/wild-card-2013" target="_blank">Wild Card (2013)</a><br />
<a href="/posts/series/wilfred-us" target="_blank">Wilfred (US)</a><br />
<a href="/posts/series/winners-and-losers" target="_blank">Winners And Losers</a><br />
<a href="/posts/series/winter" target="_blank">Winter</a><br />
<a href="/posts/series/witches-of-east-end" target="_blank">Witches Of East End</a><br />
<a href="/posts/series/witless" target="_blank">Witless</a><br />
<a href="/posts/series/witnesses" target="_blank">Witnesses</a><br />
<a href="/posts/series/wolf-hall" target="_blank">Wolf Hall</a><br />
<a href="/posts/series/wonderland-au" target="_blank">Wonderland (AU)</a><br />
<a href="/posts/series/workaholics" target="_blank">Workaholics</a><br />
<a href="/posts/series/working-the-engels" target="_blank">Working The Engels</a><br />
<a href="/posts/series/world-without-end" target="_blank">World Without End</a><br />
<a href="/posts/series/wpc-56" target="_blank">WPC 56</a><br />
<a href="/posts/series/wrecked" target="_blank">Wrecked</a><br />
<a href="/posts/series/wynonna-earp" target="_blank">Wynonna Earp</a><br />
<a href="/posts/series/x-company" target="_blank">X Company</a><br />
<a href="/posts/series/xiii-the-series" target="_blank">XIII: The Series</a><br />
<a href="/posts/series/yonderland" target="_blank">Yonderland</a><br />
<a href="/posts/series/you-me-and-the-apocalypse" target="_blank">You Me And The Apocalypse</a><br />
<a href="/posts/series/young-and-hungry" target="_blank">Young And Hungry</a><br />
<a href="/posts/series/young-drunk-punk" target="_blank">Young Drunk Punk</a><br />
<a href="/posts/series/young-hyacinth" target="_blank">Young Hyacinth</a><br />
<a href="/posts/series/younger" target="_blank">Younger</a><br />
<a href="/posts/series/youngers" target="_blank">Youngers</a><br />
<a href="/posts/series/your-family-or-mine" target="_blank">Your Family Or Mine</a><br />
<a href="/posts/series/your-pretty-face-is-going-to-hell" target="_blank">Your Pretty Face Is Going To Hell</a><br />
<a href="/posts/series/youre-the-worst" target="_blank">You're The Worst</a><br />
<a href="/posts/series/z-nation" target="_blank">Z Nation</a><br />
<a href="/posts/series/zach-stone-is-gonna-be-famous" target="_blank">Zach Stone Is Gonna Be Famous</a><br />
<a href="/posts/series/zapped" target="_blank">Zapped</a><br />
<a href="/posts/series/zero-hour" target="_blank">Zero Hour</a><br />
<a href="/posts/series/zoe-ever-after" target="_blank">Zoe Ever After</a><br />
<a href="/posts/series/zombieland-the-series" target="_blank">Zombieland: The Series</a><br />
<a href="/posts/series/zoo" target="_blank">Zoo</a><br />
